,Unnamed: 0,drug_name,SE_name,age_id,count,ROR,ROR_upper,ROR_lower
645,645,DB00009,10018985,2,50.0,5.204631434139631,9.658608181308333,2.8045643696010285
417,417,DB00028,10003658,2,29.0,8.754954954954956,21.100686032946943,3.632547119255221
240,240,DB00028,10019211,2,172.0,0.5865690980059812,0.6993327166344869,0.4919880030657545
241,241,DB00028,10027599,2,16.0,0.253040081354058,0.4275849478859398,0.1497463441784867
418,418,DB00028,10040753,0,365.0,1.7357768211767288,2.093786520429965,1.4389820277932044
242,242,DB00028,10040753,2,122.0,0.5311058702168534,0.6520515575805594,0.4325937759054453
443,443,DB00046,10012671,0,70.0,4.326901053595969,7.460323956080789,2.509552244356606
256,256,DB00046,10012671,2,10.0,0.1471116816431322,0.2848207901586176,0.0759840841106362
444,444,DB00046,10070608,1,9.0,71.5060465116279,215.1560683675432,23.76467801497724
235,235,DB00047,10012671,0,91.0,3.489949185473024,5.337559731736385,2.281893960786003
150,150,DB00047,10012671,2,24.0,0.2510344827586206,0.3933117440740626,0.1602248406852085
236,236,DB00047,10070608,1,9.0,140.74772727272727,460.48943984584463,43.01927692211503
283,283,DB00051,10009900,1,36.0,10.506036217303825,16.059925616725007,6.872808731090995
284,284,DB00051,10021972,1,14.0,74.62929061784897,260.18007089642816,21.40644746130636
285,285,DB00051,10054236,1,20.0,11.907322068612393,21.315709628268152,6.651634935842542
11,11,DB00059,10028813,0,74.0,2.6455831790531605,3.603414077566448,1.9423552793621357
0,0,DB00059,10028813,1,86.0,0.3849755282151534,0.5228728673080357,0.2834458748788449
297,297,DB00065,10000081,1,61.0,3.400502627370345,4.902563433237331,2.358647323226351
298,298,DB00065,10008469,0,86.0,3.4282355455808484,5.40486215902292,2.1744863439974687
299,299,DB00065,10009900,1,191.0,11.688989214948585,15.81072324085583,8.641759569487501
176,176,DB00065,10009900,0,48.0,0.2134684827367754,0.2937095920205143,0.1551491485465623
177,177,DB00065,10009900,2,9.0,0.1142183031054002,0.2227883522047489,0.0585570144721372
300,300,DB00065,10012174,1,35.0,4.585157126823794,7.733368670001909,2.718565061978073
301,301,DB00065,10017918,1,22.0,11.472407654650643,28.347164900473203,4.643008846090625
302,302,DB00065,10021972,1,53.0,18.802696356888585,38.20859275622024,9.252928851502798
178,178,DB00065,10021972,0,9.0,0.1570063995088199,0.3188388546499552,0.0773149480598494
179,179,DB00065,10037087,1,4.0,0.0877453151782447,0.2375407350174221,0.032412294822464
303,303,DB00065,10054236,1,56.0,5.090710382513661,7.797536010403779,3.323528376663492
546,546,DB00073,10033647,1,7.0,79.09806629834254,272.5934237508184,22.95177926909989
547,547,DB00073,10043521,0,104.0,4.110210341805434,6.252660989092315,2.701862308440424
307,307,DB00073,10043521,2,23.0,0.208413547710405,0.3274505773002379,0.1326496573234342
548,548,DB00073,10071066,1,7.0,158.23480662983425,766.9819939809059,32.64516536982006
104,104,DB00115,10003658,2,139.0,4.733195030900534,7.362700251588606,3.0427878950671268
64,64,DB00115,10003658,0,23.0,0.2163343932395756,0.3365186219977993,0.1390727485465616
105,105,DB00115,10019211,0,270.0,2.0073122499560627,2.4282680019495464,1.659331863529366
65,65,DB00115,10019211,2,171.0,0.4728842028200862,0.5729410951613902,0.3903009771254017
106,106,DB00115,10027599,0,54.0,4.754733511803359,8.42896927962556,2.6821180642943543
66,66,DB00115,10027599,2,12.0,0.1631389554665917,0.3041617339786571,0.0875005492722438
107,107,DB00115,10048393,0,49.0,10.787787868958809,25.190818972850405,4.619792918645489
67,67,DB00115,10048393,2,5.0,0.0775007751937984,0.1943977159031638,0.0308973288484092
108,108,DB00115,10067973,2,42.0,32.753107906514174,238.01443564784532,4.507147117425153
68,68,DB00115,10067973,0,1.0,0.0312600969305331,0.2271649297345983,0.0043016924366274
260,260,DB00153,10070608,1,16.0,84.15384615384616,206.012807290383,34.375871653955144
422,422,DB00158,10009900,1,23.0,61.68380952380952,122.44126313000162,31.07524587793401
423,423,DB00158,10021972,1,14.0,480.1947565543071,3658.4994551358704,63.02775415165024
424,424,DB00158,10041101,1,8.0,30.13662551440329,78.41124313815156,11.58272922411409
387,387,DB00169,10000234,0,25.0,inf,inf,inf
388,388,DB00169,10003549,2,456.0,1.7658750429668104,2.0599408830374712,1.5137884261877197
227,227,DB00169,10003549,0,251.0,0.6169514927065253,0.7201772297480926,0.5285214925303153
389,389,DB00169,10003658,2,200.0,2.636307475068397,3.439460401863196,2.020699845631757
228,228,DB00169,10003658,0,74.0,0.4180595802466142,0.5460337996998611,0.3200787437188748
390,390,DB00169,10007559,2,123.0,3.0352230728616685,4.338142220037448,2.1236231167064648
229,229,DB00169,10007559,0,40.0,0.3698009722857024,0.5285449710799284,0.258734387017317
230,230,DB00169,10008479,2,113.0,0.522469410574744,0.6568779791640353,0.415563154261491
391,391,DB00169,10009900,1,36.0,47.90321074744541,79.54020849374051,28.849781052494404
392,392,DB00169,10012378,0,158.0,2.126783214100769,2.7699035113888546,1.632983539384309
231,231,DB00169,10012378,2,72.0,0.4127320597575544,0.5438561426738161,0.3132220816964854
393,393,DB00169,10019211,0,536.0,1.9802135938405496,2.2792246196269605,1.720429765221075
232,232,DB00169,10019211,2,273.0,0.4616732352931476,0.5337555488459693,0.3993254527224604
394,394,DB00169,10020100,2,57.0,8.027677160699506,17.602878870573164,3.660969382919929
233,233,DB00169,10020100,0,7.0,0.1397901729655284,0.306528442231353,0.0637503401494583
395,395,DB00169,10021972,1,17.0,145.23851531291612,432.15927095510585,48.81123175647778
396,396,DB00169,10027599,0,102.0,4.023116572813138,6.079253363153823,2.662410330936916
234,234,DB00169,10027599,2,25.0,0.2313561028313938,0.3578356875535106,0.1495816325176518
397,397,DB00169,10028245,0,71.0,6.242740527149413,11.27907064875732,3.455232306183618
235,235,DB00169,10028245,2,13.0,0.1797702764321223,0.3247995729147448,0.0994993681748606
398,398,DB00169,10040753,0,214.0,2.1504901960784317,2.700959590014509,1.7122092831476263
236,236,DB00169,10040753,2,108.0,0.4809543552824997,0.6058872762973806,0.3817823890919113
399,399,DB00169,10048393,0,114.0,6.214146228059979,9.90044572849358,3.900391396780847
237,237,DB00169,10048393,2,20.0,0.1705091329011477,0.2742248949577692,0.1060201496555539
400,400,DB00169,10048737,1,12.0,20.429860650298608,41.86789373842907,9.968956374978127
401,401,DB00169,10054236,1,18.0,10.079575365057176,17.09433985362506,5.943361393878129
402,402,DB00169,10061603,1,9.0,25.490562913907286,60.58824218890374,10.724338158581949
403,403,DB00169,10061818,2,254.0,2.370979079737272,2.9760246801877326,1.888943271867351
238,238,DB00169,10061818,0,104.0,0.4609673647824319,0.5793373453502304,0.3667826925018983
404,404,DB00169,10070608,1,33.0,35.60172022207268,58.05525238559245,21.832348162959477
376,376,DB00181,10006093,1,17.0,45.246153846153845,99.43813443541464,20.58782025118837
377,377,DB00181,10010071,1,23.0,56.486146095717885,116.68276656031358,27.344952427893556
224,224,DB00181,10010071,0,9.0,0.1267987841945288,0.2719690634840141,0.0591167666912076
378,378,DB00181,10021097,1,20.0,9.048305084745763,15.171952465452836,5.396261627701615
379,379,DB00181,10038695,1,18.0,19.98507462686567,37.12095980610128,10.75950648710714
380,380,DB00181,10041962,1,8.0,41.67378640776699,127.9409030247044,13.574270874302332
459,459,DB00182,10001488,1,15.0,13.25014854426619,29.01916243970253,6.05001735697645
460,460,DB00182,10061422,1,17.0,15.082554207280683,32.39654698613825,7.021842220187705
454,454,DB00186,10003658,2,78.0,4.424361900809297,6.901449707212048,2.836357440796374
264,264,DB00186,10003658,0,26.0,0.2624007193166491,0.4093051471359076,0.1682220171910817
455,455,DB00186,10016288,1,29.0,4.474111634108402,6.665565194443499,3.0031474196893537
370,370,DB00188,10001551,1,10.0,24.028011204481796,52.89399031975166,10.91514024471529
371,371,DB00188,10005364,1,11.0,50.11500353857042,121.79747349177688,20.62040785961368
372,372,DB00188,10009887,1,21.0,30.621029945553538,54.30926635921888,17.26496301247352
373,373,DB00188,10016288,1,14.0,8.240514469453377,14.787947265571384,4.591988157772667
374,374,DB00188,10020942,1,11.0,225.64012738853503,1022.2472744390884,49.80543197422634
375,375,DB00188,10021143,1,12.0,24.659424920127798,50.88559838202461,11.95008522502168
441,441,DB00193,10019211,0,258.0,1.8347625346277672,2.2618872957715235,1.4882941182643916
255,255,DB00193,10019211,2,133.0,0.5493636742044897,0.6780067924561469,0.4451289425024116
442,442,DB00193,10043554,2,56.0,4.7072841695827545,8.611228260916855,2.5732129705321656
5,5,DB00198,10019063,1,20.0,17.58730158730159,42.07164833063642,7.352057487547026
182,182,DB00203,10007559,2,148.0,2.220682863042552,2.866334992953951,1.720466166841403
183,183,DB00203,10007815,1,15.0,10.130527350147396,18.2775951020666,5.614939154685651
184,184,DB00203,10008479,0,395.0,1.9949848673110733,2.404635531879216,1.6551217712772668
117,117,DB00203,10008479,2,143.0,0.5154331724657023,0.6242374561285827,0.4255934222943111
185,185,DB00203,10011703,1,14.0,15.632815460401668,30.00171263392033,8.145698953954664
186,186,DB00203,10016825,0,304.0,1.7711995996766232,2.1723304367353284,1.4441394222737454
118,118,DB00203,10016825,2,118.0,0.5420411725185488,0.6700336378298478,0.4384983321985016
187,187,DB00203,10028813,0,750.0,1.4933610963909187,1.6896308561924194,1.3198902920366142
119,119,DB00203,10028813,2,370.0,0.700316619821029,0.7938932294994928,0.6177699340083174
188,188,DB00203,10033433,0,422.0,1.824710052329965,2.174132207695396,1.5314463229462023
120,120,DB00203,10033433,2,172.0,0.5858730434354575,0.6999030536333649,0.490421096525364
189,189,DB00203,10037660,1,36.0,3.599762873041934,5.109489069885476,2.5361229987759937
190,190,DB00203,10038687,1,26.0,14.630589070262598,23.497087197045232,9.1098158145238
191,191,DB00203,10047461,1,20.0,12.952021986650962,21.99125614925193,7.628253356886863
192,192,DB00203,10047700,0,431.0,1.677013829855592,1.984817302367765,1.416944210518484
121,121,DB00203,10047700,2,156.0,0.4798241095138213,0.5755259773832607,0.4000361149943601
193,193,DB00203,10053377,0,46.0,11.92613888888889,38.35224691708835,3.708590766651905
194,194,DB00203,10061494,1,13.0,34.29932233729702,76.69400034701506,15.33944646875614
62,62,DB00207,10002855,2,3.0,0.07700131545044,0.2460522100762184,0.0240973351926467
98,98,DB00207,10070608,1,33.0,10.386191677175283,16.20188644529976,6.6580504633964726
63,63,DB00207,10070608,2,4.0,0.0719613083874252,0.1965399516092758,0.0263479758818955
446,446,DB00213,10007559,2,103.0,3.0063593262902666,4.472637323926313,2.0207756060216986
258,258,DB00213,10007559,0,31.0,0.336470639991006,0.5027833005296983,0.2251715430020929
447,447,DB00213,10017955,2,150.0,2.298877843942018,3.098227477148688,1.705762207696628
448,448,DB00213,10019211,0,287.0,1.8635761725516908,2.251019731160852,1.5428190623240006
259,259,DB00213,10019211,2,172.0,0.5453984495549656,0.6593495949227016,0.4511407469839014
449,449,DB00213,10027599,0,52.0,5.371271894305745,10.2973798928315,2.801738118124892
260,260,DB00213,10027599,2,9.0,0.1546183585974583,0.3132386034836156,0.076321489591313
450,450,DB00213,10040108,1,8.0,87.18817733990147,241.4990627091851,31.47746489189577
170,170,DB00215,10001497,1,13.0,22.23101076555024,44.54683685323033,11.094341923452909
110,110,DB00215,10002855,2,24.0,0.3110943789638296,0.485448418717989,0.1993614746515694
111,111,DB00215,10012378,2,19.0,0.2723369785338194,0.446294982267726,0.1661847720090162
171,171,DB00215,10028330,1,7.0,129.3532258064516,625.2097858055428,26.762628171240816
172,172,DB00215,10028521,1,8.0,148.3106796116505,701.3027943867772,31.364565866450167
173,173,DB00215,10028622,1,8.0,32.937792161093135,85.94341890341765,12.623399979776998
174,174,DB00215,10043089,1,7.0,51.72774193548387,163.88819185746837,16.32673626707098
12,12,DB00230,10027599,0,78.0,4.478434940855324,8.227758557875601,2.43764803966882
1,1,DB00230,10027599,2,11.0,0.2058305588886447,0.3869410370606236,0.1094901158436037
13,13,DB00230,10048865,2,110.0,4.8381243661257605,7.112600381120183,3.290983062148824
2,2,DB00230,10048865,0,34.0,0.2105610524752638,0.3095481821746804,0.1432279669937512
14,14,DB00230,10056812,2,89.0,4.58213028468288,6.97223143790208,3.0113627369956624
3,3,DB00230,10056812,0,29.0,0.222319551268547,0.3382836090909672,0.1461081221436214
247,247,DB00254,10070608,1,7.0,86.63689320388349,277.4883401334477,27.04960958147431
514,514,DB00264,10002855,0,126.0,2.235582116770236,2.9063806788410047,1.719605224879179
288,288,DB00264,10002855,2,101.0,0.4522914391745399,0.58800278411597,0.3479023424321581
515,515,DB00264,10003549,2,587.0,1.831942751740388,2.164790380551656,1.5502721537403208
289,289,DB00264,10003549,0,183.0,0.5519927580135858,0.6522869208653571,0.4671195989875435
516,516,DB00264,10003658,2,455.0,1.7760812129989825,2.1419773481372744,1.4726880645638716
290,290,DB00264,10003658,0,146.0,0.5693362422011793,0.6866288934972956,0.4720799834576675
517,517,DB00264,10019211,0,315.0,1.9354315239589752,2.2715525678534743,1.64904622369091
291,291,DB00264,10019211,2,291.0,0.5155551569960735,0.6051130996422676,0.4392519680409837
518,518,DB00264,10020100,2,71.0,10.07339849343211,27.585478270757783,3.678506358000976
292,292,DB00264,10020100,0,4.0,0.100371562116846,0.2748624451530239,0.0366526990479443
293,293,DB00264,10027599,2,11.0,0.1636687412310681,0.3202678964948021,0.0836407805756987
519,519,DB00264,10047700,0,275.0,1.6517328083086729,1.9476169775491976,1.4007996959835185
294,294,DB00264,10047700,2,295.0,0.5951599308725265,0.7017165768013555,0.5047840610105226
323,323,DB00273,10039906,1,26.0,7.797217763509899,12.464798117290512,4.877464061552702
478,478,DB00281,10016288,1,29.0,4.382222222222223,6.731009551685744,2.853044770992603
479,479,DB00281,10040753,0,230.0,2.166952329941082,2.7465424754073133,1.709670410081938
278,278,DB00281,10040753,2,78.0,0.450864627693896,0.5824705560167395,0.3489943146580503
259,259,DB00294,10027313,1,217.0,1.6743619078252414,1.9885821177462295,1.4097923205472302
181,181,DB00295,10016288,1,24.0,12.92270531400966,20.954837922894708,7.969344036313335
24,24,DB00316,10000081,2,244.0,0.5806003750628219,0.6759911757791265,0.4986704081374468
40,40,DB00316,10000234,0,42.0,38.46233998213754,279.4766478621983,5.293292331282577
41,41,DB00316,10000804,0,218.0,7.417290802007985,11.066331536113996,4.971494181428755
25,25,DB00316,10000804,2,12.0,0.0652034201468757,0.1164953867084627,0.036494887213771
42,42,DB00316,10001497,1,24.0,5.28568159978035,8.211664213109605,3.402285973853378
43,43,DB00316,10002034,2,443.0,1.8625386148680825,2.1565541933464485,1.6086078905773242
26,26,DB00316,10002034,0,280.0,0.5458911754491854,0.6334254047241838,0.4704534633609337
44,44,DB00316,10002511,0,37.0,33.8798877336225,246.94718155945424,4.648146966465834
27,27,DB00316,10002511,2,1.0,0.0343411280934908,0.2503092513266537,0.0047114242581251
45,45,DB00316,10002855,0,408.0,2.1679823789856023,2.591155420039487,1.8139195971195143
28,28,DB00316,10002855,2,153.0,0.4524281166854125,0.5444186584505507,0.3759812372156257
46,46,DB00316,10003549,2,646.0,1.7752899914919555,2.001348437728262,1.574765540311892
29,29,DB00316,10003549,0,455.0,0.6300819001212125,0.7106024329250645,0.5586853949066383
30,30,DB00316,10003549,1,11.0,0.2535383994348572,0.4596280230131876,0.1398559634518733
47,47,DB00316,10003658,2,292.0,2.9377595318610967,3.619741816035792,2.3842670294348403
31,31,DB00316,10003658,0,126.0,0.3918420567796757,0.4830286459807565,0.317869755218293
48,48,DB00316,10007559,2,196.0,3.2905027486150287,4.289719223750672,2.524036603303893
32,32,DB00316,10007559,0,75.0,0.3473003485452688,0.4532517617784907,0.2661159696906205
33,33,DB00316,10008469,2,96.0,0.5117015278221232,0.6487736299350837,0.4035898524446727
49,49,DB00316,10009033,2,136.0,2.795298662820672,3.775657357810152,2.0694925078950788
34,34,DB00316,10009033,0,62.0,0.4163517298167192,0.5623713191628387,0.30824609473226
50,50,DB00316,10009192,1,14.0,32.7380028038391,72.16766421979762,14.851205718947991
51,51,DB00316,10009900,1,24.0,16.72961718410856,27.99540720663699,9.997357390124623
52,52,DB00316,10012378,0,302.0,2.1494072252186127,2.642602146702161,1.748258407186814
35,35,DB00316,10012378,2,123.0,0.5062526901013136,0.6242238341936149,0.4105767389768121
53,53,DB00316,10012735,2,890.0,1.3836409842448527,1.5226156432666187,1.2573510470277174
54,54,DB00316,10014011,1,21.0,5.006438831104507,7.999951707096018,3.1330726343458704
55,55,DB00316,10016288,1,44.0,3.858373652233008,5.306201621018255,2.805593964103661
36,36,DB00316,10016825,2,74.0,0.4427940687469689,0.577132692982481,0.3397253174209749
56,56,DB00316,10017413,2,90.0,2.795218058267978,4.044847863330759,1.9316533667680484
57,57,DB00316,10017955,2,201.0,2.6988789509679365,3.446024579105603,2.113724793532464
37,37,DB00316,10017955,0,91.0,0.4050088860298527,0.5186069879361247,0.3162938440454366
58,58,DB00316,10018884,2,234.0,1.9004450492828864,2.3273258545788598,1.5518632159901753
59,59,DB00316,10019211,0,988.0,1.7715239010248112,1.9722550454868863,1.5912226661980322
38,38,DB00316,10019211,2,424.0,0.4942486315911543,0.5534435503378828,0.4413850512497475
60,60,DB00316,10020100,2,94.0,6.303251814171411,10.321715534814034,3.8492616173006176
39,39,DB00316,10020100,0,19.0,0.1846124208215699,0.3023062961367694,0.1127391204124348
61,61,DB00316,10021972,1,11.0,47.11911111111111,127.48651114716289,17.415259166817698
62,62,DB00316,10022004,0,137.0,2.6161927439574413,3.6354276342471823,1.8827123414747613
40,40,DB00316,10022004,2,42.0,0.3727901847383153,0.5259784566731761,0.2642171367934556
41,41,DB00316,10022524,2,5.0,0.1198440156459916,0.299836851926312,0.0479013436603397
42,42,DB00316,10027313,2,1.0,0.0264655107235565,0.1917509728249288,0.0036527755115911
63,63,DB00316,10027599,0,208.0,3.602341780816402,4.871738678461382,2.6637032817847914
43,43,DB00316,10027599,2,42.0,0.243052363616759,0.3382222801311187,0.1746616202717096
64,64,DB00316,10028245,0,58.0,6.640512656881515,13.908732070925778,3.170411804709419
65,65,DB00316,10028521,1,14.0,45.016310794780544,107.3809737628168,18.871762534472264
66,66,DB00316,10028622,1,12.0,15.422880853586248,31.575102092725032,7.533317014316854
67,67,DB00316,10028813,0,1258.0,1.3991326212612063,1.5288618945149215,1.280411330088356
44,44,DB00316,10028813,2,768.0,0.7352310362714976,0.8044329067116143,0.6719823022986431
68,68,DB00316,10029354,2,263.0,1.8430068802243245,2.2274129194272434,1.5249414829773091
45,45,DB00316,10029354,0,173.0,0.5804082023042717,0.7025973710481939,0.4794690318859291
69,69,DB00316,10030124,2,232.0,1.792470640290555,2.1894096887174754,1.4674964730724895
70,70,DB00316,10033775,0,229.0,1.96290035482453,2.470236703761072,1.5597605675212798
46,46,DB00316,10033775,2,97.0,0.5148711932777871,0.6521310868349298,0.4065016237055936
71,71,DB00316,10035226,2,198.0,3.1187376526011854,4.040131349147166,2.407477308331951
47,47,DB00316,10035226,0,81.0,0.3732289588803092,0.4834929407965602,0.2881114572580552
72,72,DB00316,10035528,2,235.0,2.081458359741412,2.562316931452396,1.690840368010853
48,48,DB00316,10035528,0,135.0,0.5048153751091983,0.6231826677680092,0.4089307616005597
73,73,DB00316,10035664,2,788.0,1.5745288003436213,1.7490053372126133,1.4174576202623406
49,49,DB00316,10035664,0,600.0,0.6578635174751698,0.7313383676669699,0.5917704126551179
74,74,DB00316,10037660,1,110.0,2.896788545681906,3.5381974630750537,2.371655049207153
75,75,DB00316,10039906,1,43.0,4.015344310164782,5.546880069892903,2.906677217826341
50,50,DB00316,10039906,2,82.0,0.4369238578809472,0.5617643104982195,0.3398266034669628
76,76,DB00316,10040753,0,423.0,1.7190016477308838,2.021355961087207,1.461873475917688
51,51,DB00316,10040753,2,192.0,0.5319414545570612,0.6299339796214458,0.4491926459441444
77,77,DB00316,10043071,1,40.0,4.238189960118762,5.931377515447742,3.028344442967994
52,52,DB00316,10043071,2,74.0,0.4470289494376754,0.5828420454188786,0.3428628445837908
53,53,DB00316,10043521,2,29.0,0.3173816549393458,0.4768684290076299,0.211234606370694
78,78,DB00316,10043554,2,211.0,1.8548295869040827,2.2924656705079496,1.500739069166724
79,79,DB00316,10046571,2,431.0,1.5585486489000966,1.7951203233747963,1.3531538022040206
80,80,DB00316,10046810,0,105.0,7.4044624327826,13.177456258024517,4.160595402098342
54,54,DB00316,10046810,2,9.0,0.1047850219430966,0.2068117762147971,0.0530912747067719
81,81,DB00316,10047700,0,821.0,1.4384937607278516,1.606268401198894,1.288243171632145
82,82,DB00316,10047700,1,100.0,2.088289342695164,2.5677161616066293,1.69837789862472
55,55,DB00316,10047700,2,425.0,0.5822760809324483,0.6536949717871121,0.5186600005491055
83,83,DB00316,10048393,0,89.0,6.274025874081218,11.229230389314006,3.505440649441097
56,56,DB00316,10048393,2,12.0,0.1692850660482,0.3092256703537812,0.0926748208004751
57,57,DB00316,10048962,2,7.0,0.1560029557421393,0.342053452440726,0.0711494710157945
84,84,DB00316,10049119,0,116.0,4.833857401756533,7.62637340891063,3.063864844752481
58,58,DB00316,10049119,2,12.0,0.1208314726515795,0.218476097943414,0.066827652638372
85,85,DB00316,10052076,1,11.0,31.41165432098765,75.85354051718706,13.00785725298683
59,59,DB00316,10054889,2,35.0,0.3340236706029166,0.4848279095725045,0.2301266290990217
86,86,DB00316,10061428,2,365.0,1.6115268963702365,1.8815115837071408,1.3802832574688604
87,87,DB00316,10061603,1,11.0,20.192042328042326,44.51131632381696,9.159885778513631
88,88,DB00316,10061818,2,317.0,1.8472827030738483,2.1955698705298885,1.5542449506524914
89,89,DB00316,10067973,2,88.0,4.310956370362311,6.678277738200772,2.782805021848984
60,60,DB00316,10067973,0,26.0,0.2699299658718901,0.4181584494835108,0.1742454004351595
90,90,DB00316,10070608,1,9.0,25.68522357121706,64.74834100979103,10.189152333704458
317,317,DB00331,10002034,2,175.0,2.0596657711808173,2.6581513307024003,1.5959298629746896
318,318,DB00331,10003658,2,135.0,2.464114951837438,3.3543322814255228,1.8101553413451343
190,190,DB00331,10003658,0,58.0,0.4193713842667144,0.570878527733298,0.3080731703819555
319,319,DB00331,10012671,0,189.0,3.5907023673272693,4.884057022455261,2.639842948485509
191,191,DB00331,10012671,2,50.0,0.2737750945434248,0.3740393135913401,0.2003874985027685
320,320,DB00331,10047942,2,129.0,2.626232713103123,3.6261746830470223,1.9020314425606928
192,192,DB00331,10047942,0,51.0,0.3829006694903675,0.5296876492945145,0.2767912804677321
130,130,DB00333,10014387,1,25.0,84.1903073286052,208.51503356773227,33.99279048041674
85,85,DB00333,10014387,0,6.0,0.0975352775164628,0.2385894124870096,0.03987239107155
353,353,DB00338,10002855,2,93.0,0.4748745322292012,0.6084107154025136,0.3706473532615415
625,625,DB00338,10003549,2,465.0,1.9599926502352512,2.293555667687122,1.6749413337109618
354,354,DB00338,10003549,0,235.0,0.5615919175736321,0.6574885292665085,0.4796821052313598
626,626,DB00338,10003658,2,198.0,2.637771382525613,3.442642264520515,2.0210748988292444
355,355,DB00338,10003658,0,75.0,0.4250428606870299,0.5547384500398277,0.3256695716838147
627,627,DB00338,10007559,2,140.0,2.327526577076713,3.151023284557303,1.7192446636456835
628,628,DB00338,10009900,1,15.0,32.37589103869654,65.61049304343669,15.976077482844126
629,629,DB00338,10019211,0,478.0,1.5956194155648014,1.835627874303864,1.3869920777341065
356,356,DB00338,10019211,2,308.0,0.595846319723219,0.6870950231989957,0.5167157740056578
630,630,DB00338,10020100,2,47.0,11.70427666717534,32.49053599820121,4.2163075521243885
357,357,DB00338,10020100,0,4.0,0.0957455449805311,0.2657853805388445,0.0344910219103609
631,631,DB00338,10021972,1,9.0,103.20892494929006,381.6272715057819,27.912266718147244
632,632,DB00338,10027599,0,84.0,3.060118138490698,4.621432500513173,2.026281465861492
358,358,DB00338,10027599,2,23.0,0.2479608171977435,0.3917092103732554,0.1569648229787214
633,633,DB00338,10028330,1,6.0,103.00202429149796,510.7678576870211,20.77150480100762
634,634,DB00338,10028521,1,7.0,120.25016880486156,579.357372471807,24.958866124209653
635,635,DB00338,10028622,1,10.0,49.17649333075585,129.37275984602712,18.69271011291745
636,636,DB00338,10035528,2,162.0,2.3095856666611927,3.0585432324885704,1.7440282991542642
637,637,DB00338,10043089,1,11.0,18.940927555856465,39.60216389566024,9.05906903525332
638,638,DB00338,10070608,1,33.0,52.4360824742268,90.15933048566752,30.4964858371592
359,359,DB00338,10070608,2,2.0,0.0374541631665518,0.1537086055979353,0.009126452829688
549,549,DB00341,10003658,2,49.0,4.209073664242808,7.086859899738365,2.499880251855469
308,308,DB00341,10019211,2,87.0,0.5092371713316369,0.648535411881054,0.3998586536912321
309,309,DB00341,10027599,2,4.0,0.1096298246591156,0.3014794425091526,0.0398657313240307
550,550,DB00341,10070608,1,17.0,9.41054061784897,18.658789144070667,4.746196231513074
358,358,DB00374,10003549,2,354.0,1.7141275212351457,1.9982022701064643,1.4704383049766008
359,359,DB00374,10008479,0,534.0,1.7423190076652928,2.031435694746218,1.494349800155013
218,218,DB00374,10008479,2,205.0,0.5351457665471095,0.6284156583853796,0.4557190573339735
219,219,DB00374,10012442,2,26.0,0.2498999439686224,0.3787235822785238,0.1648959423646167
220,220,DB00374,10016807,1,5.0,0.151097177537737,0.3643642762664896,0.0626580555421209
360,360,DB00374,10017955,2,111.0,2.4130049392437605,3.2604214475786324,1.7858405517295806
361,361,DB00374,10020100,2,36.0,7.7017637189507715,17.309831544687142,3.426790389577908
362,362,DB00374,10033318,2,322.0,1.60900065287377,1.8846384537937149,1.373676259091967
221,221,DB00374,10033318,0,271.0,0.5919853841706403,0.6942477904383613,0.5047861871485135
363,363,DB00374,10033433,0,392.0,1.7233134017118887,2.059759896974523,1.441822944937419
364,364,DB00374,10037660,1,47.0,3.3088462786786432,4.493891792114014,2.436298914704205
222,222,DB00374,10037660,2,105.0,0.4660130873152558,0.5806377786496617,0.374016651231591
365,365,DB00374,10038687,1,21.0,6.402885138813282,10.31931304861965,3.9728359734488223
366,366,DB00374,10042945,0,43.0,inf,inf,inf
367,367,DB00374,10047461,1,23.0,9.877426771117166,15.943035538621452,6.119509636821528
223,223,DB00374,10047700,2,283.0,0.6534568615383783,0.752349358518936,0.5675632803518101
368,368,DB00374,10061494,1,17.0,42.38289467186806,90.61295714224704,19.823983428184118
369,369,DB00374,10061603,1,12.0,27.34940411700975,60.95940697736257,12.270294982253972
496,496,DB00381,10002855,0,140.0,2.148557988706187,2.7670687846592035,1.6683002086634886
497,497,DB00381,10003549,2,525.0,1.8097310739882455,2.135771169481649,1.5334632319030326
286,286,DB00381,10003549,0,192.0,0.5862690463519857,0.6922738781251515,0.4964962648039271
498,498,DB00381,10003658,2,199.0,2.2087719298245614,2.949565490655804,1.6540312305105649
499,499,DB00381,10007515,1,27.0,11.621462264150944,17.660778162888363,7.647363208541431
500,500,DB00381,10009192,1,14.0,404.6666666666667,1783.2902363340943,91.8275151036222
501,501,DB00381,10016288,1,20.0,10.10139842359522,16.318755072012102,6.252820736749417
502,502,DB00381,10019211,0,404.0,1.512239768278938,1.7335076955859532,1.3192148627822142
503,503,DB00381,10021097,1,42.0,4.775953458306399,6.588833663016912,3.4618769576685104
504,504,DB00381,10023676,1,15.0,45.6765605875153,90.1891345012359,23.13303258361309
505,505,DB00381,10039906,1,19.0,8.042337471860291,13.056379686471969,4.953838166816169
506,506,DB00381,10058151,1,10.0,41.0916597853014,92.76796813624098,18.20158981418191
507,507,DB00381,10061372,1,6.0,171.83199079401612,852.5698856537463,34.63203844878269
508,508,DB00381,10061907,1,12.0,138.41297798377752,393.7434634178303,48.656433069486994
509,509,DB00381,10069339,1,37.0,4.661943650886939,6.560512176342722,3.31280821067859
510,510,DB00381,10071066,1,9.0,51.71986143187067,127.60021320729992,20.963476465248323
451,451,DB00390,10019211,0,100.0,2.572581275398562,3.577815351323038,1.849780877060624
261,261,DB00390,10019211,2,45.0,0.3220091195156548,0.4564449146838215,0.2271684264969257
452,452,DB00390,10033433,0,38.0,7.761776684853608,17.399823538747,3.4624016255900174
262,262,DB00390,10033433,2,6.0,0.1234575480385536,0.2919011277021829,0.0522155097093096
545,545,DB00404,10003658,2,70.0,3.9672356512773512,6.154334202021641,2.5573779707309243
306,306,DB00404,10003658,0,28.0,0.2596844872918492,0.4028438801488053,0.1673999190830964
473,473,DB00421,10003671,1,6.0,74.61818181818182,265.48943825911806,20.97210756993274
474,474,DB00421,10019211,0,237.0,2.053521026084661,2.575574807005944,1.6372844590268076
275,275,DB00421,10019211,2,105.0,0.4804244656453371,0.6049692694206015,0.3815196553895367
475,475,DB00421,10020646,2,128.0,3.653757736516357,5.216959346558729,2.5589514332633576
276,276,DB00421,10020646,0,40.0,0.296749245472837,0.4237068866955329,0.2078326254630274
476,476,DB00421,10028813,0,282.0,1.7773553524223766,2.1674498049020827,1.4574695301546703
477,477,DB00421,10033433,0,83.0,3.812208605782416,6.158298184639193,2.359894571239079
277,277,DB00421,10033433,2,21.0,0.2843241891651806,0.4593026679498234,0.1760064771782881
109,109,DB00422,10001488,1,37.0,9.634330985915494,19.438110282407568,4.775172699281282
110,110,DB00422,10001497,1,33.0,14.290350877192983,34.19692516900777,5.971710239561737
69,69,DB00422,10001497,0,4.0,0.0951870292352866,0.2683127376763285,0.0337686932536511
111,111,DB00422,10013983,1,30.0,inf,inf,inf
112,112,DB00422,10022998,1,29.0,6.244463869463869,12.27918151595346,3.175564182871509
113,113,DB00422,10061422,1,39.0,33.99029982363316,110.21038488488036,10.48304552522233
70,70,DB00422,10061422,0,3.0,0.0639021541210018,0.2071173383391123,0.0197158061901046
569,569,DB00424,10009900,1,10.0,32.30769230769231,87.58758250076725,11.91706578086428
180,180,DB00437,10016288,1,25.0,8.46936843101979,13.07188200735602,5.487366056394128
116,116,DB00437,10052015,2,56.0,0.3322111831841695,0.4665207603489802,0.236568829541622
557,557,DB00448,10009900,1,13.0,32.37866666666667,113.88799038646276,9.205343351424402
558,558,DB00448,10070608,1,24.0,30.31664411366712,74.41020325605089,12.351786046761095
336,336,DB00451,10000234,0,25.0,inf,inf,inf
337,337,DB00451,10002034,2,304.0,1.83496646826077,2.247613908793684,1.4980784406377696
200,200,DB00451,10002034,0,131.0,0.5450786147476774,0.6690903170409755,0.4440517052603701
338,338,DB00451,10002855,0,260.0,2.191656432099088,2.676788073317298,1.7944483406221188
201,201,DB00451,10002855,2,148.0,0.4523617110788816,0.5534250132298716,0.369754009591933
339,339,DB00451,10003549,2,582.0,1.8096362124064265,2.094422155485197,1.5635736151263333
202,202,DB00451,10003549,0,254.0,0.548627605755086,0.6360618664586094,0.473212223006525
340,340,DB00451,10003658,2,245.0,3.145293077582512,4.143438321732122,2.38759884321214
203,203,DB00451,10003658,0,64.0,0.3356393617354776,0.4421543365356595,0.2547838431911734
341,341,DB00451,10007559,2,160.0,2.6773974621760024,3.688675389949031,1.9433689367189204
204,204,DB00451,10007559,0,49.0,0.394263816925734,0.5431822733657038,0.2861727360388181
205,205,DB00451,10016825,2,44.0,0.3661732349574951,0.5227761374403425,0.2564823227313776
342,342,DB00451,10017955,2,157.0,3.9029553550774927,5.682672783530864,2.6806154575493943
206,206,DB00451,10017955,0,33.0,0.2704564483024919,0.3937833243106917,0.1857536515961919
343,343,DB00451,10018884,2,216.0,2.243228016536894,2.9041146186574576,1.732738749995454
207,207,DB00451,10018884,0,75.0,0.4385362131049633,0.5702170588980663,0.3372645682962993
344,344,DB00451,10019211,0,583.0,1.594612066055998,1.8018301465985505,1.411224940381639
208,208,DB00451,10019211,2,439.0,0.5731161600305213,0.6483450417836419,0.5066162486328394
345,345,DB00451,10027313,0,31.0,13.35608995256907,43.69266060775287,4.0827254815758165
209,209,DB00451,10027313,2,1.0,0.0247417344907164,0.1809158645577329,0.0033836359630791
346,346,DB00451,10027599,0,115.0,3.92015549088582,5.658906080491446,2.7156519041198943
210,210,DB00451,10027599,2,34.0,0.2327659260096214,0.340875891664501,0.1589434091292144
211,211,DB00451,10027951,2,3.0,0.0742297150940477,0.2420632093479055,0.0227628585846937
347,347,DB00451,10028813,0,727.0,1.3605939553830395,1.5116173968257902,1.2246590409135203
348,348,DB00451,10033557,0,171.0,2.26110731185622,2.8999918372828417,1.7629726435781752
212,212,DB00451,10033557,2,96.0,0.4520181533649631,0.5803833700864048,0.3520438756559358
349,349,DB00451,10035664,2,525.0,1.707589342930233,1.9856794338802333,1.4684451650843735
213,213,DB00451,10035664,0,246.0,0.5931808308767897,0.6905522889705409,0.5095392539270682
350,350,DB00451,10046810,0,28.0,36.18867924528302,266.0022589612405,4.923343548404992
351,351,DB00451,10047700,0,400.0,1.5883485572278522,1.8399172049139831,1.3711764488694715
214,214,DB00451,10047700,2,317.0,0.6284532888286846,0.728323127375443,0.5422779002814716
352,352,DB00451,10048393,0,43.0,11.12017190437819,28.07841037447625,4.404032191769995
215,215,DB00451,10048393,2,5.0,0.0949154147694421,0.2396610117297328,0.0375903276708798
353,353,DB00451,10049119,0,50.0,6.465993705381131,12.752319063452596,3.278546779608956
216,216,DB00451,10049119,2,10.0,0.1632367693102714,0.3219373523909338,0.0827684102418094
354,354,DB00451,10061818,2,258.0,2.07611799658759,2.612511670966742,1.6498551886506538
217,217,DB00451,10061818,0,100.0,0.4946428360133943,0.6233057314526195,0.3925385615324996
177,177,DB00455,10070608,1,16.0,29.678532901833872,69.52809094827016,12.668481230997315
280,280,DB00471,10019211,2,95.0,0.4541260459807833,0.5729781773075671,0.3599272604189229
481,481,DB00471,10070608,1,18.0,13.088964346349746,24.81109234849397,6.905015920043276
536,536,DB00472,10001488,1,15.0,18.945799098860324,39.45229735037353,9.09815974229897
537,537,DB00472,10061818,2,29.0,7.438342650443933,15.732523187791424,3.5168510940666544
175,175,DB00476,10002855,0,189.0,2.595790936105072,3.69701522354788,1.822586648020056
112,112,DB00476,10002855,2,34.0,0.3602145175018619,0.5193813157999939,0.2498251182163543
176,176,DB00476,10022998,0,88.0,5.570551664436924,11.49478035813244,2.6995771018979795
113,113,DB00476,10022998,2,4.0,0.0887105684768797,0.2415099628631798,0.0325848460502204
114,114,DB00476,10033775,2,19.0,0.2890451420655043,0.4677844536438862,0.1786016903744093
115,115,DB00476,10054196,2,1.0,0.0365194021726804,0.2638803687042489,0.0050540581764334
227,227,DB00480,10002034,2,510.0,1.7045199253892844,2.0587904070358807,1.411211246234671
142,142,DB00480,10002034,0,138.0,0.5913708468971219,0.7142840389524422,0.48960841834393
228,228,DB00480,10003549,2,808.0,2.1655730204119705,2.5542531597756826,1.836038252037664
143,143,DB00480,10003549,0,173.0,0.4654801759811554,0.5490266427055637,0.3946471398249536
229,229,DB00480,10017413,2,469.0,1.7727974283517158,2.165125300058076,1.451560665743528
144,144,DB00480,10017413,0,122.0,0.5685908538042622,0.6944239910263748,0.4655593170852602
230,230,DB00480,10037660,0,309.0,1.598775271606358,1.852646134833132,1.3796927114363424
145,145,DB00480,10037660,2,422.0,0.6129752927468564,0.7100877547062996,0.5291440487852155
231,231,DB00480,10040753,0,151.0,2.0300848740131663,2.5339643399902525,1.6264019704842834
146,146,DB00480,10040753,2,164.0,0.4965243309290331,0.6197635031629535,0.3977911089412803
232,232,DB00480,10046571,2,503.0,2.0372174541384624,2.4982839936755483,1.6612422630705093
147,147,DB00480,10046571,0,114.0,0.4947906615116546,0.6067737952775158,0.403474574255749
233,233,DB00480,10047899,0,211.0,2.198811457762468,2.6625178198854824,1.8158645890285363
148,148,DB00480,10047899,2,212.0,0.458432422737036,0.5551097768457667,0.3785922982850653
234,234,DB00480,10061428,2,465.0,1.7431329350584852,2.127907106774849,1.4279347155764306
149,149,DB00480,10061428,0,121.0,0.5663429064791466,0.6921886381724611,0.4633769900732363
327,327,DB00497,10003658,2,75.0,4.07177033492823,6.136639456510421,2.701692641045156
199,199,DB00497,10003658,0,32.0,0.2635773984317016,0.3986649530767303,0.1742642397528548
328,328,DB00497,10016288,1,35.0,8.661578805809574,12.601050813462187,5.953705648825707
329,329,DB00497,10020942,1,7.0,42.93963068181818,128.09928111320957,14.39361616293105
330,330,DB00497,10029354,2,107.0,2.3106239915301257,3.081144056688547,1.732792473186947
313,313,DB00531,10003549,1,10.0,0.2114843232501656,0.4042860295023623,0.110628653272124
560,560,DB00531,10003658,2,48.0,6.459485658892627,11.002876640293293,3.792186020212191
314,314,DB00531,10013968,1,16.0,0.2702933805100987,0.454006740563208,0.160919442422696
561,561,DB00531,10016288,1,354.0,2.101423651620301,2.4328905274340604,1.8151171677447733
315,315,DB00531,10016288,2,128.0,0.4810535673759954,0.5837369953533186,0.3964328739265604
562,562,DB00531,10035226,2,49.0,3.5745326469791383,5.524954181261787,2.3126497026264228
563,563,DB00531,10042128,1,98.0,6.471526877430937,9.463886186436744,4.4253131641980925
316,316,DB00531,10042128,2,7.0,0.1366967753817305,0.2928055518256943,0.0638171246523596
317,317,DB00531,10061818,1,3.0,0.0936954432880865,0.2971932373014611,0.0295391516060849
287,287,DB00541,10003549,1,21.0,0.2102454617017723,0.3480889886931699,0.1269880852368909
512,512,DB00541,10003658,2,17.0,113.60090556274255,854.24918450622,15.10702729220011
513,513,DB00541,10043089,1,42.0,inf,inf,inf
305,305,DB00542,10021097,1,6.0,62.815384615384616,181.7930857343016,21.70474486662056
306,306,DB00542,10035669,1,4.0,730.9333333333333,6930.292599122737,77.09105064992592
307,307,DB00542,10048294,1,5.0,195.5,751.3192245237867,50.8708532304965
6,6,DB00555,10001497,1,18.0,8.522358722358723,15.27998475725861,4.753316141762598
7,7,DB00555,10011469,1,12.0,16.836557059961315,38.410254114468216,7.380051503657114
243,243,DB00557,10016288,1,13.0,12.26829564794554,25.19443229383495,5.973981725408011
0,0,DB00559,10001551,1,14.0,16.289452166802942,40.43771824450759,6.561850257972983
1,1,DB00559,10033433,0,62.0,3.799613735927269,6.140524726559423,2.351112516460196
2,2,DB00559,10038687,1,23.0,11.089882740575636,20.81674664981568,5.908007685764212
3,3,DB00559,10047461,1,19.0,9.70279146141215,18.91808383076952,4.97641108823774
4,4,DB00559,10061494,1,14.0,38.023984736985554,132.50231014783503,10.91168458621877
132,132,DB00563,10000081,1,140.0,2.4596864148163737,3.127827416632461,1.9342682486445977
86,86,DB00563,10001760,1,4.0,0.0839389398058544,0.2278329739391939,0.030925047827411
133,133,DB00563,10002034,1,107.0,2.255645336198244,2.951121602802003,1.7240685297013998
134,134,DB00563,10003239,0,213.0,2.1641423099547814,2.6971124620818663,1.7364911562201877
87,87,DB00563,10003239,1,21.0,0.1453447779162992,0.2262030417211566,0.0933900106152397
135,135,DB00563,10003658,2,30.0,6.198623063683304,11.69748049276892,3.284718269834145
88,88,DB00563,10006451,1,2.0,0.0458361647559131,0.1859243008906832,0.0113000505553413
136,136,DB00563,10009802,1,32.0,10.364903901706274,23.493272545855994,4.572850916444838
137,137,DB00563,10009887,1,73.0,4.747353744263057,7.109885265274698,3.169863750578781
138,138,DB00563,10009900,1,40.0,7.563652721547458,14.42622675566106,3.9656137021222606
139,139,DB00563,10012174,1,79.0,2.8517527935517357,3.975428409890789,2.045689962696005
140,140,DB00563,10016288,1,412.0,5.569936264360817,6.661979278697786,4.656902804883237
89,89,DB00563,10016288,0,138.0,0.3905134833214037,0.47340460255583,0.3221362442031421
90,90,DB00563,10016288,2,37.0,0.1890192695692856,0.264010491535769,0.135329032042144
91,91,DB00563,10017577,1,8.0,0.1633578461312941,0.335017857948271,0.0796548161822944
141,141,DB00563,10019211,0,250.0,1.7605560434774907,2.132171384200549,1.4537093993442207
142,142,DB00563,10020578,1,33.0,5.7542340361539495,10.938918976173564,3.0269178714051383
143,143,DB00563,10020635,1,47.0,5.334877752262596,9.009271505412627,3.159070143960867
144,144,DB00563,10020942,1,26.0,14.728313577586206,42.216653993015576,5.138332869194191
145,145,DB00563,10021097,1,137.0,2.9271940507941943,3.775012983400884,2.2697842494002898
92,92,DB00563,10022437,1,5.0,0.135475414080769,0.3342059389188926,0.0549170008161046
93,93,DB00563,10023232,1,5.0,0.102057512668661,0.2501826101074813,0.0416325334827996
146,146,DB00563,10024264,1,40.0,10.086669665617034,20.79761788153152,4.891949910937913
94,94,DB00563,10028334,1,2.0,0.0642780420438852,0.2621906560111164,0.0157582529898407
95,95,DB00563,10028810,1,3.0,0.057531341135477,0.1810326982836813,0.0182831899663785
147,147,DB00563,10028813,0,328.0,1.6957722616021236,2.0016286976381634,1.4366518458754705
148,148,DB00563,10029354,1,141.0,2.986219425061948,3.8425698500381817,2.320714210186368
149,149,DB00563,10029366,1,70.0,4.303925877096609,6.41633770874966,2.88697054244539
150,150,DB00563,10033425,0,155.0,2.0876288659793816,2.6940829028491646,1.6176912289749104
96,96,DB00563,10033425,1,30.0,0.3023967363590005,0.4431814263727699,0.2063348793946509
151,151,DB00563,10035598,1,55.0,4.02942267006914,6.263036553506667,2.5923921911291505
97,97,DB00563,10037087,1,11.0,0.2130083298181531,0.3955518703203441,0.1147069499005868
98,98,DB00563,10037153,1,2.0,0.0591822601616824,0.2410330230677517,0.0145313694914764
152,152,DB00563,10037394,1,24.0,10.87271747912739,28.50763059200465,4.146819041989323
153,153,DB00563,10037660,1,318.0,2.8860133027201345,3.410234108703695,2.442375660433366
99,99,DB00563,10037660,0,181.0,0.5900839278323501,0.7049951132243782,0.4939027737277849
100,100,DB00563,10037660,2,75.0,0.4261435492343911,0.5441562701976458,0.3337245833593439
101,101,DB00563,10037844,1,22.0,0.3085049811523963,0.4821490198078036,0.1973981476386276
154,154,DB00563,10038687,1,49.0,10.120683937060102,19.47422244923293,5.259683338879643
155,155,DB00563,10039073,0,167.0,2.5720198113847617,3.343722467084746,1.9784195534395836
102,102,DB00563,10039073,1,3.0,0.0268192415155451,0.0837512360379184,0.0085881922404523
156,156,DB00563,10039906,1,63.0,4.774820630837959,7.381624500011443,3.088603607057017
157,157,DB00563,10040047,1,113.0,2.452634721600239,3.2035248439176147,1.877749469937864
158,158,DB00563,10040070,1,74.0,3.915722897644151,5.707793438579599,2.6863070600099253
159,159,DB00563,10041834,2,22.0,21.19878068345901,70.85135322318611,6.34269187562013
160,160,DB00563,10042128,1,89.0,3.32297375846564,4.608045059542798,2.396277479228217
161,161,DB00563,10043071,1,101.0,3.437687734954294,4.687218178906252,2.5212602682414085
103,103,DB00563,10043071,2,12.0,0.2201234613536391,0.3962546503250304,0.1222808065433733
162,162,DB00563,10043089,1,38.0,17.247652455477603,43.83797593721727,6.785931806043731
163,163,DB00563,10046571,2,75.0,2.62282138261785,3.588897325061251,1.916798220188705
104,104,DB00563,10046571,1,8.0,0.1195090925378482,0.243500940027742,0.058654488962518
105,105,DB00563,10047700,2,66.0,0.4897979277750848,0.6369965337643675,0.3766143100262298
106,106,DB00563,10048959,1,5.0,0.0751686867002312,0.1833281529911381,0.0308208606700502
107,107,DB00563,10052904,1,2.0,0.0444667184226478,0.1802944598924486,0.0109669983673295
164,164,DB00563,10070027,1,28.0,9.064403125842093,20.760588274129248,3.957662612584227
165,165,DB00563,10071066,1,30.0,11.33423180592992,27.242865372443223,4.715539605481384
650,650,DB00575,10001488,1,16.0,26.913961875322,69.01990182750023,10.494963403985482
651,651,DB00575,10061422,1,12.0,30.101382488479263,93.6010174676176,9.680377972720224
580,580,DB00588,10002034,2,106.0,2.6686230446912016,3.747434388880241,1.9003798907830665
581,581,DB00588,10017955,2,70.0,5.074990784138185,8.626777813858617,2.985533186876814
329,329,DB00588,10017955,0,15.0,0.2123313090418353,0.3705523566666597,0.1216685955123379
582,582,DB00588,10070608,1,47.0,23.748863831246783,37.04580746966405,15.224625181593217
330,330,DB00588,10070608,2,2.0,0.0308740011849488,0.1256498586047648,0.0075861919762803
261,261,DB00635,10003549,2,287.0,1.9239222632925312,2.312634800095032,1.6005453498496836
262,262,DB00635,10003658,2,171.0,3.907540440925534,5.287153965673415,2.8879189818569526
164,164,DB00635,10003658,0,56.0,0.340204164702263,0.4603140899566152,0.251434566540583
263,263,DB00635,10005364,1,19.0,6.628306878306878,11.510974159120522,3.816744913652644
264,264,DB00635,10007559,2,99.0,2.936563983927919,4.202659545787734,2.051893078121384
265,265,DB00635,10009900,1,60.0,14.392270485130023,20.75455122834328,9.980338646603409
165,165,DB00635,10009900,2,11.0,0.1326605453993989,0.2469612348944548,0.0712614686802456
266,266,DB00635,10016288,1,77.0,4.563055302235913,5.924846221303983,3.514263984843262
267,267,DB00635,10019211,0,431.0,1.7128186419143916,1.9983495406200265,1.4680853576693145
166,166,DB00635,10019211,2,219.0,0.5787315005333978,0.6799134823494015,0.49260701310453
268,268,DB00635,10020578,1,15.0,15.285413067777665,32.15360054849779,7.266491113496894
269,269,DB00635,10021972,1,19.0,84.03185626102292,284.128855570468,24.852642483268983
270,270,DB00635,10029354,1,38.0,3.3701342207432057,4.820294856116352,2.356246869714365
271,271,DB00635,10037660,1,116.0,2.916194944390326,3.5765737600334258,2.377748516951658
167,167,DB00635,10037660,2,210.0,0.5967390147888073,0.703975147709457,0.5058381008616005
272,272,DB00635,10038687,1,25.0,6.3838125095580365,10.300686643637611,3.9563442289899657
273,273,DB00635,10040753,0,199.0,2.1093616986346087,2.686355161282295,1.656298779772224
274,274,DB00635,10043071,1,41.0,4.106818511969464,5.839964057563575,2.8880243309736287
275,275,DB00635,10046571,2,201.0,1.8604786376950304,2.3125534050624066,1.4967787354628233
168,168,DB00635,10046571,1,2.0,0.0776509367038212,0.3119205208520502,0.0193307832216683
276,276,DB00635,10048393,0,39.0,40.79652734949476,296.9773619699173,5.60432159790909
169,169,DB00635,10048393,2,1.0,0.0325413174363561,0.236884047931366,0.0044702771239391
277,277,DB00635,10061818,2,198.0,3.67536231884058,4.837108359072336,2.792637082321602
170,170,DB00635,10061818,0,67.0,0.3477309866514655,0.4588595444294093,0.2635160160566376
278,278,DB00635,10067973,2,38.0,9.677680548234054,24.59246832366672,3.808381475215152
279,279,DB00635,10070608,1,14.0,16.855547885590806,37.160617199747136,7.645446064479733
647,647,DB00641,10012671,0,31.0,8.358089826839826,18.98997326687539,3.6786605526916456
360,360,DB00641,10012671,2,7.0,0.1208122981550911,0.2744908312031045,0.0531734022646274
203,203,DB00646,10071066,1,10.0,inf,inf,inf
167,167,DB00650,10016288,1,47.0,7.20069998494656,10.79668790646605,4.802406138104333
168,168,DB00650,10042128,1,16.0,11.035223079503522,23.902472750010105,5.094709224774899
169,169,DB00650,10061907,1,9.0,inf,inf,inf
91,91,DB00656,10023676,1,7.0,82.70751633986929,320.9910461841819,21.310666887526512
92,92,DB00656,10028622,1,6.0,106.08557457212714,527.2074523630612,21.346718605464943
93,93,DB00656,10052076,1,5.0,inf,inf,inf
94,94,DB00656,10077361,1,8.0,40.5981045981046,112.49287971715188,14.651648185225875
480,480,DB00678,10012671,0,36.0,6.224686617730096,12.548906608847847,3.0876573311677222
279,279,DB00678,10012671,2,9.0,0.1432780755505637,0.2969984479388375,0.0691202498731596
208,208,DB00682,10002034,2,443.0,2.850787387377128,3.477619208187165,2.3369403725674145
122,122,DB00682,10002034,0,124.0,0.3674163610872987,0.4487164401990388,0.3008465264494258
209,209,DB00682,10003549,2,406.0,1.8111871966394344,2.160051317797726,1.5186671882477003
123,123,DB00682,10003549,0,176.0,0.5668822123228671,0.6770115155991854,0.4746676167888433
210,210,DB00682,10008479,0,279.0,1.981390848520478,2.3854291894517523,1.6457875639154893
124,124,DB00682,10008479,2,170.0,0.4537081582179967,0.5482572105095441,0.3754644515158333
125,125,DB00682,10012442,2,9.0,0.1308808810591516,0.264883854883826,0.0646691170903287
211,211,DB00682,10016825,0,207.0,3.231506908092337,4.158202792445071,2.511334203329728
126,126,DB00682,10016825,2,72.0,0.2590979373198309,0.3382592228939883,0.1984624116056412
212,212,DB00682,10017788,2,297.0,4.003350505250644,5.286538417375541,3.0316275041555394
127,127,DB00682,10017788,0,60.0,0.2670275675006333,0.3526192792654888,0.2022116373042109
213,213,DB00682,10017955,2,377.0,2.963367702767116,3.687775026886258,2.3812591814251425
128,128,DB00682,10017955,0,103.0,0.3608020681433659,0.4490044701990038,0.2899261388618995
214,214,DB00682,10018884,2,303.0,2.374712872803566,2.971865897642993,1.8975490222259024
129,129,DB00682,10018884,0,102.0,0.4443239349329126,0.5564595793725352,0.3547854443927134
215,215,DB00682,10019211,0,587.0,1.7773303056696503,2.013030165342137,1.5692278584980277
130,130,DB00682,10019211,2,422.0,0.5462104872766048,0.6192148134238649,0.4818132414521589
216,216,DB00682,10022592,2,112.0,3.001793863099921,4.493183811484387,2.005430174815732
217,217,DB00682,10022595,2,646.0,2.480371247606065,2.899824138353747,2.121591252579732
131,131,DB00682,10022595,0,205.0,0.4123120621296588,0.4828940020020102,0.3520466932138534
218,218,DB00682,10027599,0,64.0,4.2756754006614095,7.0666239792971215,2.587006211930842
132,132,DB00682,10027599,2,14.0,0.1598793008856493,0.2838777241814527,0.090043665544343
219,219,DB00682,10028813,0,532.0,1.471704628541144,1.6666552441293756,1.2995576147488457
133,133,DB00682,10028813,2,464.0,0.6653786178129784,0.7537757946160717,0.5873479995045596
220,220,DB00682,10033433,0,246.0,3.1494362157125986,3.9608343377246986,2.504257343552529
134,134,DB00682,10033433,2,97.0,0.3035149036682976,0.3837916615642018,0.2400294377770519
221,221,DB00682,10033557,0,197.0,2.468566496270204,3.125972225359529,1.949416087920256
135,135,DB00682,10033557,2,101.0,0.396487898385528,0.5037199905056864,0.3120834124696074
222,222,DB00682,10042361,2,134.0,3.267286615266771,4.784108152893673,2.2313797023682485
136,136,DB00682,10042361,0,33.0,0.3271072252271104,0.4789668983420382,0.2233956817603911
223,223,DB00682,10047700,0,329.0,1.6594989278249777,1.9526643968914257,1.4103481867321506
137,137,DB00682,10047700,2,241.0,0.5414617915262949,0.6384222297757142,0.4592272292677888
224,224,DB00682,10053377,0,41.0,7.820735266359821,17.436243162108212,3.507860009626574
138,138,DB00682,10053377,2,7.0,0.1366388762810253,0.3046343246244639,0.0612871925524377
225,225,DB00682,10055798,2,366.0,2.57406093106987,3.176641361402239,2.085784614331004
139,139,DB00682,10055798,0,114.0,0.4106039789938478,0.507046719702657,0.3325051144487204
140,140,DB00682,10064911,2,125.0,0.4507611558933682,0.5617551411634869,0.3616978373201797
226,226,DB00682,10074414,0,92.0,5.351607479492536,8.454496672753395,3.387511252663761
141,141,DB00682,10074414,2,21.0,0.1784274117881564,0.2864650970619213,0.11113514911221
639,639,DB00688,10018100,1,8.0,inf,inf,inf
640,640,DB00688,10061907,1,9.0,57.19897959183673,265.9560670237228,12.301743302797153
641,641,DB00688,10071066,1,11.0,140.81506849315068,1094.5100070138285,18.116676309639423
244,244,DB00694,10003658,2,14.0,18.27962085308057,55.71510077911318,5.997378338363236
155,155,DB00694,10016288,1,30.0,0.2899794450154162,0.4382148189512065,0.1918878022717248
428,428,DB00695,10003549,2,566.0,1.83052955619554,2.139914342188555,1.5658750399693269
244,244,DB00695,10003549,0,219.0,0.578333945387299,0.6765241464773836,0.4943949955501268
429,429,DB00695,10003658,2,336.0,2.0047295149704407,2.471063433936834,1.626401157088366
245,245,DB00695,10003658,0,120.0,0.5380439468605122,0.6632085514156844,0.436501140003834
430,430,DB00695,10008479,0,245.0,1.8454742294066897,2.225109453538962,1.5306101576205358
246,246,DB00695,10008479,2,198.0,0.563596919322861,0.6797677714254315,0.467279416327939
431,431,DB00695,10016825,0,122.0,2.5737271259279897,3.4457531093488267,1.922387097544942
247,247,DB00695,10016825,2,63.0,0.341195034740221,0.4610210514430584,0.2525135270222236
432,432,DB00695,10017955,2,275.0,2.896554523214609,3.7792332998051945,2.220034446242703
248,248,DB00695,10017955,0,67.0,0.3654908084583125,0.477580933373245,0.2797086770696328
433,433,DB00695,10019211,0,486.0,2.2574677011459707,2.598977020359755,1.9608331977524969
249,249,DB00695,10019211,2,314.0,0.4399386319542058,0.5070959907549671,0.3816752713772907
434,434,DB00695,10027599,0,65.0,4.696322170620586,7.683306286380853,2.8705665384389447
250,250,DB00695,10027599,2,20.0,0.2153195368627428,0.3552067066439459,0.1305226001863169
435,435,DB00695,10028813,0,504.0,1.4928261812374224,1.6899457067924832,1.3186991738436704
251,251,DB00695,10028813,2,499.0,0.6783747084571392,0.7679515325162303,0.5992464701079071
436,436,DB00695,10033433,0,113.0,3.1789031907615404,4.3983985357631,2.2975238405677265
252,252,DB00695,10033433,2,49.0,0.2946501451266849,0.4113014880191421,0.2110828930896936
437,437,DB00695,10038687,1,17.0,12.149685366180211,20.622007043131465,7.158122591483616
438,438,DB00695,10046571,2,288.0,1.8555756645252044,2.3113498302091138,1.4896754276554671
439,439,DB00695,10047461,1,10.0,14.777725524910784,29.800992542011446,7.3279831663908706
253,253,DB00695,10047700,2,263.0,0.5931450142850073,0.6993604025290349,0.5030610922478631
254,254,DB00695,10047942,0,51.0,0.4275306985067259,0.5837165087896699,0.3131357352641038
440,440,DB00695,10061494,1,12.0,82.22923076923077,201.61578825525768,33.53728619873141
207,207,DB00706,10029148,1,6.0,83.66279069767442,214.8973659405288,32.57118818878367
652,652,DB00722,10002034,2,256.0,1.9363700353063575,2.401428073131473,1.5613746485202624
361,361,DB00722,10002034,0,123.0,0.5250634171696725,0.6514609195102067,0.423189762875061
653,653,DB00722,10003549,2,378.0,1.7493716434913116,2.076780948610559,1.4735791702533405
362,362,DB00722,10003549,0,202.0,0.5838363376147713,0.693241895454503,0.4916968685165104
654,654,DB00722,10003658,2,168.0,3.2146383105073677,4.4214989136852,2.337193713968061
363,363,DB00722,10003658,0,49.0,0.3200896065747945,0.4402600133593894,0.2327201043206474
655,655,DB00722,10012671,0,71.0,4.131356685633001,6.856534577829438,2.4893199137526576
364,364,DB00722,10012671,2,19.0,0.2490460553624202,0.4133248013011751,0.1500610113313452
656,656,DB00722,10017413,2,53.0,6.192543840751433,13.026723313146013,2.943764007095304
365,365,DB00722,10017413,0,8.0,0.1661471918790687,0.3495096899606255,0.0789817569075408
657,657,DB00722,10017955,2,171.0,3.0832442210251747,4.20774323120237,2.259262127971784
366,366,DB00722,10017955,0,51.0,0.3253816190546792,0.4449916503284765,0.2379217631173364
658,658,DB00722,10019211,0,336.0,1.6721678430145983,1.9826532737674043,1.4103047326570146
367,367,DB00722,10019211,2,216.0,0.583639920058476,0.692666971662242,0.4917739263190462
659,659,DB00722,10020646,2,203.0,2.2656446506786936,2.923594307982585,1.7557653841141476
368,368,DB00722,10020646,0,84.0,0.4541835378381048,0.5860801765896325,0.3519700789804638
660,660,DB00722,10027599,0,50.0,6.138637582878899,12.485227304426065,3.018196661952207
369,369,DB00722,10027599,2,9.0,0.1676067604180106,0.3408912577552378,0.0824075874600182
370,370,DB00722,10029354,0,37.0,0.3536929839212315,0.512520926758408,0.2440851101755569
661,661,DB00722,10048737,1,7.0,166.91933760683762,499.5084553944828,55.77896623411826
39,39,DB00727,10021015,1,6.0,204.675,594.4867594158455,70.46726434439647
564,564,DB00741,10009900,1,19.0,12.935991140642304,30.836102646602825,5.426751516187853
565,565,DB00741,10042128,1,29.0,10.704206730769233,20.64766196720128,5.549298604222368
385,385,DB00758,10003671,1,6.0,266.1166666666667,798.0328750755232,88.7408056605134
30,30,DB00761,10003658,2,212.0,2.4793277935438747,3.2613004870760336,1.8848512524984715
18,18,DB00761,10003658,0,68.0,0.4200067342496723,0.5524783482941455,0.3192987695531455
31,31,DB00761,10003671,1,6.0,87.74962140333164,262.74868441964014,29.30555512936556
32,32,DB00761,10017955,2,143.0,2.578394795263937,3.617756604637032,1.837635984610734
19,19,DB00761,10017955,0,43.0,0.391848435857341,0.5512990578581575,0.2785152531919436
33,33,DB00761,10019211,0,222.0,1.7997828131209204,2.205205325327468,1.468896404884401
458,458,DB00762,10042128,1,25.0,14.08410138248848,27.38233398113816,7.244156465582954
83,83,DB00773,10029366,1,7.0,0.1546633554083885,0.3327712107397006,0.0718834825074238
128,128,DB00773,10042128,1,34.0,9.830163496830163,20.55081435931762,4.70210633432148
103,103,DB00776,10039906,1,39.0,9.73886562618957,15.605602825791536,6.077657155814875
321,321,DB00787,10003549,2,231.0,2.177083333333333,2.7981922936514705,1.6938406452734414
193,193,DB00787,10003549,0,83.0,0.4763806458758152,0.6128782970717205,0.3702831717966706
194,194,DB00787,10019211,2,78.0,0.4277952877722939,0.5645426248446445,0.3241718165931964
197,197,DB00788,10002034,2,75.0,3.601951889841619,5.482943783310947,2.3662576034837723
198,198,DB00788,10027417,1,12.0,18.59898762654668,40.41818636458135,8.558581466573917
199,199,DB00788,10028330,1,7.0,75.28752436647173,363.3265202900685,15.600874168796572
200,200,DB00788,10028521,1,11.0,inf,inf,inf
201,201,DB00788,10028622,1,8.0,57.46875,217.26607447129592,15.20097987962142
202,202,DB00788,10040752,1,8.0,172.4375,1381.349569226786,21.525826676077408
195,195,DB00804,10009900,1,10.0,31.196969696969692,80.07499944479947,12.154241960932708
383,383,DB00813,10003119,1,8.0,83.97197197197197,317.94768476945507,22.17752295310645
384,384,DB00813,10040108,1,13.0,11.196110744891232,21.26329707935674,5.895270867167938
226,226,DB00813,10040108,0,8.0,0.1400136426693645,0.298506234937586,0.065673067558014
566,566,DB00820,10003549,2,235.0,1.7808062205393247,2.157507911483316,1.4698767861904445
318,318,DB00820,10012442,2,13.0,0.2228208389269648,0.3997822358475509,0.1241904262075544
567,567,DB00820,10046571,2,106.0,2.747066145092461,3.8001393321286456,1.9858146625602957
568,568,DB00820,10061494,1,10.0,84.60873983739837,307.79882018504566,23.25752532959308
355,355,DB00829,10039906,1,29.0,14.101245529658405,22.54899611482967,8.818358230898701
356,356,DB00829,10041962,1,7.0,163.38823529411764,1331.7739635626651,20.045230018697392
551,551,DB00836,10009900,1,6.0,82.16470588235295,272.1216104048189,24.808903940743438
552,552,DB00836,10021972,1,5.0,340.2597402597403,2929.737672935013,39.51776703804364
304,304,DB00863,10016825,0,94.0,3.358255560401221,5.225157066417475,2.1583811291433905
180,180,DB00863,10016825,2,15.0,0.2118652178192914,0.3643569593480352,0.1231947664782758
583,583,DB00864,10071066,1,14.0,12.948717948717947,31.00842483783952,5.407217470487049
471,471,DB00868,10007515,1,7.0,74.21458333333334,194.24101256456592,28.355517234082978
472,472,DB00868,10044066,1,7.0,inf,inf,inf
559,559,DB00887,10003671,1,6.0,255.96153846153845,1051.0677755082595,62.33309658829206
268,268,DB00904,10000081,2,128.0,0.4656721079555987,0.5703526394871451,0.3802042755913261
461,461,DB00904,10003549,2,320.0,1.7275014783178162,2.042527207481409,1.4610632096646885
462,462,DB00904,10003658,2,167.0,3.394943624810174,4.5243583417157005,2.547464490018391
269,269,DB00904,10003658,0,63.0,0.3528208083091402,0.4714986521492516,0.2640145888190375
463,463,DB00904,10009900,1,27.0,38.94058441558442,76.96418037708123,19.702270682256334
464,464,DB00904,10016288,1,100.0,4.934981813834933,6.184388375308366,3.937987724075816
465,465,DB00904,10019211,0,388.0,1.7890248658486383,2.119532292423189,1.510054827692948
270,270,DB00904,10019211,2,155.0,0.4568424967253516,0.549153110046595,0.38004895719619
466,466,DB00904,10021972,1,13.0,223.6962134251291,1710.7839299704433,29.249746285380084
271,271,DB00904,10027599,2,13.0,0.2240202088225814,0.4035560957388627,0.1243570707785498
467,467,DB00904,10029354,2,219.0,1.7953594425945023,2.202507848383659,1.463475161043679
272,272,DB00904,10029354,0,140.0,0.5521500386697602,0.6807097466226061,0.447870280564737
468,468,DB00904,10037660,1,74.0,2.310855479372863,2.955815052402164,1.8066262441581968
273,273,DB00904,10049119,2,4.0,0.1048346723506585,0.2903282430899639,0.0378547688295842
274,274,DB00904,10061818,1,3.0,0.099306264746276,0.309172632737706,0.0318971770901336
469,469,DB00904,10067973,2,82.0,3.6001866183654427,5.471987710901512,2.368671929075333
470,470,DB00904,10071066,1,12.0,12.89516129032258,27.289624015555944,6.093348322008617
245,245,DB00915,10019063,2,51.0,7.025742321906461,15.54910050992372,3.1745280148086024
156,156,DB00915,10019063,0,7.0,0.1457369464639788,0.322540165692739,0.0658499617219077
331,331,DB00924,10007515,1,11.0,38.97346698113208,84.98556966418882,17.87281222602005
332,332,DB00924,10014380,1,8.0,inf,inf,inf
333,333,DB00924,10018100,1,9.0,inf,inf,inf
334,334,DB00924,10022524,1,6.0,332.7096774193548,2775.4397592392784,39.88403246007827
335,335,DB00924,10040752,1,7.0,55.68055555555556,160.11626101733387,19.362956936895195
482,482,DB00927,10003658,2,56.0,6.5449406444318825,12.501406088174502,3.4265144046201845
281,281,DB00927,10003658,0,11.0,0.1838490543452238,0.3511638830926107,0.0962527082396997
282,282,DB00927,10043521,2,4.0,0.0996566976959133,0.2758646409815973,0.0360011973999856
280,280,DB00935,10040741,1,6.0,inf,inf,inf
281,281,DB00935,10049694,1,6.0,inf,inf,inf
642,642,DB00959,10018100,1,8.0,46.92227979274612,177.33816383442576,12.415265238701796
643,643,DB00959,10061907,1,9.0,158.66782006920414,1254.5513185371444,20.06731550437404
644,644,DB00959,10071066,1,8.0,70.39032815198618,332.231790730465,14.913679050551965
542,542,DB00987,10003658,2,23.0,7.2130723242927965,13.397934981526316,3.8833157816646975
543,543,DB00987,10008531,0,62.0,3.4485523090174253,5.210821395241582,2.2822722419328008
305,305,DB00987,10008531,1,22.0,0.2729419052164464,0.4393874834276424,0.1695480331893699
511,511,DB00993,10009900,1,15.0,11.428571428571429,22.567054595353877,5.7877400148112255
248,248,DB00996,10000081,1,26.0,5.2004535147392295,7.814393788402597,3.460884809657388
249,249,DB00996,10002855,0,226.0,2.4465670950561536,3.1830200745354675,1.8805066918985929
157,157,DB00996,10002855,2,71.0,0.4150800115374531,0.5420401218030978,0.3178573117517655
250,250,DB00996,10003549,2,338.0,1.640809857058667,1.924749638067961,1.39875697793264
251,251,DB00996,10003658,2,130.0,2.7019854234732343,3.641136873920392,2.00506750541382
158,158,DB00996,10003658,0,65.0,0.3969967781528076,0.5349814566500914,0.2946016911513124
252,252,DB00996,10007559,2,104.0,2.506550875960042,3.470472623174265,1.810357831905182
253,253,DB00996,10012378,0,203.0,2.256838406039262,2.954805036013509,1.723741339579384
159,159,DB00996,10012378,2,69.0,0.4487671420815113,0.58977677969407,0.3414714765753812
254,254,DB00996,10016288,1,20.0,10.652787416146197,17.243909161374123,6.580983387908294
255,255,DB00996,10017955,2,86.0,2.830060954203002,4.1071382340155616,1.950079239644618
160,160,DB00996,10019211,2,223.0,0.616933730892356,0.7237966802328042,0.5258482647231019
256,256,DB00996,10027599,0,109.0,3.111384168697447,4.714917319878313,2.053209163267141
161,161,DB00996,10027599,2,23.0,0.2706163594166899,0.4237310122995407,0.1728294881852396
162,162,DB00996,10029354,0,94.0,0.4605123625077803,0.5941453571456679,0.3569356109106197
257,257,DB00996,10035226,2,99.0,2.7838471093044266,3.9316070280389206,1.9711544599227664
258,258,DB00996,10048393,0,98.0,5.222852900136974,8.995914307491974,3.0322868231138425
163,163,DB00996,10048393,2,14.0,0.189701724657499,0.3320875408533497,0.1083652347978973
27,27,DB00997,10003658,2,29.0,9.44727964178372,21.596972612167857,4.132574237732586
28,28,DB00997,10040070,1,33.0,6.203405107661492,11.445224788341498,3.3622961227428254
29,29,DB00997,10042128,1,48.0,3.481797717922844,5.329070606450995,2.274864839256883
34,34,DB00999,10002424,0,208.0,1.9484805036477628,2.432495513341811,1.5607742140825684
20,20,DB00999,10002424,2,126.0,0.5138140943458084,0.6416671168490815,0.4114359558345524
35,35,DB00999,10002855,0,136.0,2.4478705686414464,3.287426893708156,1.822723520419356
21,21,DB00999,10002855,2,66.0,0.4142475518356341,0.5563232067494628,0.3084556461422182
36,36,DB00999,10003549,2,280.0,1.863420657024774,2.2970969798606617,1.5116194812276782
22,22,DB00999,10003549,0,130.0,0.5442173230593608,0.6708745951507613,0.4414722168028135
37,37,DB00999,10003658,2,120.0,2.7231884844672503,3.924866614304708,1.8894286738069808
38,38,DB00999,10025476,0,48.0,5.685572421620088,11.241562704948755,2.8755551705686324
23,23,DB00999,10025476,2,10.0,0.1783382550874866,0.3526117863546493,0.0901970225001531
288,288,DB01015,10003549,2,115.0,2.751659968785517,3.7791864138771873,2.0035086271515072
172,172,DB01015,10003549,1,2.0,0.0744781662184658,0.3004532535184299,0.0184620974421406
289,289,DB01015,10003658,2,54.0,4.661316776007498,8.150782511382761,2.6657408728481515
290,290,DB01015,10016288,1,138.0,8.076321802220708,10.37985619476801,6.283995907949415
173,173,DB01015,10016288,0,66.0,0.4315951968513216,0.5722401928057556,0.3255178791825289
174,174,DB01015,10016288,2,51.0,0.3377829820452771,0.4598726003174928,0.2481064166045727
291,291,DB01015,10020646,2,117.0,3.2514150496923806,4.534972250027003,2.3311498378635407
292,292,DB01015,10037660,1,88.0,2.125606237338081,2.7154329906729515,1.6638973937967925
293,293,DB01015,10061907,1,22.0,23.87567567567568,58.955050328502296,9.66919518843082
294,294,DB01015,10069339,2,190.0,2.207974252580062,2.781279096553642,1.7528446915296676
175,175,DB01015,10069339,1,10.0,0.2109916951636541,0.3968636925195292,0.1121732631811404
295,295,DB01015,10070608,1,17.0,27.610416666666666,82.13787833641935,9.281163866743436
296,296,DB01015,10071066,1,21.0,inf,inf,inf
166,166,DB01033,10016288,1,280.0,2.272727272727273,2.9070094904822192,1.776839488522455
108,108,DB01033,10016288,0,67.0,0.4653166163041119,0.6104129146671029,0.3547099810736968
483,483,DB01050,10000486,1,11.0,30.417997465145756,87.655454099727,10.555584695698874
484,484,DB01050,10003658,2,41.0,4.695610765478116,7.888456158117808,2.7950666161951294
485,485,DB01050,10009192,1,14.0,64.65185185185184,225.21028792311,18.55981796577989
486,486,DB01050,10012373,1,10.0,23.02828794595736,63.44358338527652,8.35863955699881
487,487,DB01050,10017955,2,52.0,3.746700890834969,5.756609016978144,2.438548027837488
488,488,DB01050,10021097,1,31.0,3.7890401549444856,5.654445117274985,2.539033450323881
283,283,DB01050,10021097,0,60.0,0.382649242093444,0.5330953025626249,0.2746609129190113
489,489,DB01050,10027417,1,16.0,17.064893148809233,35.540120976114615,8.193854443432809
490,490,DB01050,10037423,1,18.0,13.879694462126034,26.72938321706065,7.207271368649138
491,491,DB01050,10039906,1,24.0,4.9796766963902535,7.960120381127932,3.1151765065465558
492,492,DB01050,10046810,0,114.0,5.689177258819403,10.569421233724226,3.062299927927384
284,284,DB01050,10046810,2,6.0,0.1256383795083485,0.2854282362958176,0.0553028761636752
493,493,DB01050,10052076,1,11.0,76.05544993662865,343.4332401042747,16.842957493883613
494,494,DB01050,10054889,1,15.0,13.855146124523507,28.39387291738557,6.760792185357655
495,495,DB01050,10067973,2,24.0,20.12810103743798,66.8668331212315,6.05891489789535
285,285,DB01050,10067973,0,3.0,0.0680092439749092,0.2259228243770266,0.0204727312470207
539,539,DB01060,10009192,1,14.0,253.4232365145228,1931.255164185852,33.2547133058774
540,540,DB01060,10039906,1,19.0,21.683700209643607,42.43466003287656,11.080160755793036
240,240,DB01062,10048393,0,37.0,40.598828125,296.1218344672125,5.566171262206572
154,154,DB01062,10048393,2,1.0,0.0262432035559788,0.191413769474003,0.0035979947251082
246,246,DB01068,10039906,1,23.0,12.19534484687978,19.60717394082006,7.585307111734467
95,95,DB01069,10071066,1,6.0,inf,inf,inf
521,521,DB01075,10003658,2,72.0,4.103621190533464,6.200466799550502,2.7158772750167874
522,522,DB01075,10007559,2,41.0,5.919580774303307,11.051955581955973,3.170609606928921
523,523,DB01075,10014387,1,18.0,12.119349845201238,23.548341750651687,6.237324149005714
524,524,DB01075,10016288,1,38.0,3.2356669944280565,4.6493373962200994,2.2518350480098106
525,525,DB01075,10019211,0,456.0,1.808978426395939,2.144800174980167,1.5257379150466486
296,296,DB01075,10019211,2,134.0,0.4806029295259167,0.5821585832528205,0.3967633262027906
526,526,DB01075,10028521,1,16.0,91.5407537248028,398.380179890021,21.034454060486485
527,527,DB01075,10028622,1,11.0,31.395933537385226,98.67876130780216,9.989025293996812
528,528,DB01075,10039906,1,29.0,4.824349614527245,7.459948509620597,3.11990748638195
529,529,DB01075,10043071,1,38.0,3.974867256637168,5.762056059661539,2.7420020812526333
530,530,DB01075,10043521,0,80.0,5.033878697735911,9.238717184287449,2.742797970546792
297,297,DB01075,10043521,2,4.0,0.0846518551188047,0.2306427507911894,0.0310694203501879
531,531,DB01075,10047700,1,71.0,2.3333239784463404,3.0220462214264723,1.8015610581306003
308,308,DB01076,10003549,2,505.0,1.7117542460057216,2.025264108761386,1.4467755519109122
181,181,DB01076,10003549,0,188.0,0.5834761209929648,0.6905323515008596,0.4930172830122255
309,309,DB01076,10003658,2,250.0,2.129623065106936,2.758444619557326,1.6441491582902552
182,182,DB01076,10003658,0,75.0,0.4724381822232123,0.6119372829922224,0.3647397245204456
310,310,DB01076,10012671,0,61.0,4.20687619462389,6.798282786322324,2.603276132099116
183,183,DB01076,10012671,2,23.0,0.2391544841429746,0.3864717977012222,0.1479923441397116
311,311,DB01076,10018884,2,198.0,2.3853016851749733,3.231756780588242,1.7605483690709356
184,184,DB01076,10018884,0,53.0,0.4217941457067055,0.5714736873526951,0.3113184478827088
312,312,DB01076,10027599,0,52.0,4.850495512738718,8.389556186105676,2.8043565353389086
185,185,DB01076,10027599,2,16.0,0.1915183226624708,0.3350855304839099,0.1094624046060011
313,313,DB01076,10033645,0,86.0,3.690164391195319,5.4274873045660135,2.508953493560456
186,186,DB01076,10033645,2,37.0,0.2726435927667488,0.4010034686729758,0.1853712859959863
314,314,DB01076,10047700,0,275.0,1.7239542405982762,2.0466806223692733,1.4521162663065226
187,187,DB01076,10047700,2,252.0,0.5747520738157595,0.6823835456694745,0.4840971744584281
315,315,DB01076,10048393,0,34.0,7.697155875185547,17.366942276639534,3.411435796996692
188,188,DB01076,10048393,2,7.0,0.1307088469943208,0.2949157293549516,0.0579311341580632
316,316,DB01076,10061428,2,281.0,2.0885468891975467,2.6610742172865,1.6391982155329414
189,189,DB01076,10061428,0,86.0,0.4817321412104404,0.6137885811947843,0.3780876070119496
665,665,DB01097,10016288,1,7.0,109.3936170212766,533.6876715317,22.42315886865473
666,666,DB01097,10018100,1,6.0,inf,inf,inf
667,667,DB01097,10037423,1,8.0,63.13978494623656,213.4120113758304,18.68045016471128
668,668,DB01097,10061907,1,9.0,inf,inf,inf
669,669,DB01097,10071066,1,7.0,inf,inf,inf
322,322,DB01101,10067973,2,74.0,5.841970702045329,10.780106885608832,3.165888988458624
195,195,DB01101,10067973,0,12.0,0.1730824133993148,0.3193868402493754,0.0937969823826825
553,553,DB01104,10002855,0,159.0,2.468776463049001,3.3810684240424327,1.8026423781207224
310,310,DB01104,10002855,2,41.0,0.3481504267032638,0.4902578593244018,0.2472346282845847
311,311,DB01104,10012378,2,39.0,0.3589257355577944,0.5103151277664701,0.2524473146809353
554,554,DB01104,10027339,1,9.0,25.886131386861315,65.41862351338506,10.24313509196264
555,555,DB01104,10070608,1,8.0,34.47035957240039,99.6201799787208,11.927359389476898
178,178,DB01109,10016288,1,19.0,7.072048611111111,12.345706327620714,4.051114632949262
179,179,DB01109,10037660,1,39.0,5.3977389516957865,7.87298653385682,3.70070311505804
425,425,DB01137,10016288,1,26.0,6.048665375453594,9.30755687611827,3.930822374890452
426,426,DB01137,10070608,1,9.0,46.05984555984556,124.51408497872832,17.038308343664557
406,406,DB01156,10001497,1,17.0,8.216790339007712,14.217220677645626,4.74886371999334
407,407,DB01156,10014380,1,7.0,64.32575757575758,249.5167033813092,16.583270905802948
408,408,DB01156,10018100,1,18.0,29.837333664967044,58.26173347648576,15.280466733690382
409,409,DB01156,10028330,1,7.0,inf,inf,inf
410,410,DB01156,10028521,1,10.0,92.46708246708246,337.06821713873813,25.366263875466387
411,411,DB01156,10028622,1,10.0,138.7110187110187,634.8094721927018,30.30948269468776
412,412,DB01156,10040108,1,33.0,45.718964441671865,79.63948881022621,26.246071400579584
413,413,DB01156,10040752,1,11.0,21.82321428571429,48.32326748247631,9.855556268683811
414,414,DB01156,10041962,1,14.0,26.084416491963665,54.34763394366544,12.519345081912803
415,415,DB01156,10043071,1,16.0,15.468021778584392,28.673754205150324,8.344205506922625
416,416,DB01156,10043089,1,9.0,49.82116182572614,149.22362112958658,16.63374837626867
420,420,DB01175,10035664,2,99.0,2.4763557244760253,3.4027402216730893,1.8021762681401452
282,282,DB01181,10042128,1,32.0,inf,inf,inf
453,453,DB01202,10027201,1,19.0,110.65145554681354,827.3130544677923,14.799409423685232
263,263,DB01202,10039906,2,84.0,0.4950193049400531,0.6294318424806414,0.3893100026487296
286,286,DB01216,10012378,0,21.0,11.620758718190386,26.307230049974983,5.133266897725943
171,171,DB01216,10012378,2,7.0,0.072705937118141,0.1706388776107684,0.0309785985834068
287,287,DB01216,10061461,0,11.0,inf,inf,inf
100,100,DB01222,10009900,1,18.0,19.41399743754004,39.16238067060385,9.62411605348914
101,101,DB01222,10021972,1,10.0,149.8,1171.5391040478746,19.154324360549023
102,102,DB01222,10070608,1,13.0,15.016722408026755,32.489106351866745,6.94084809343413
96,96,DB01224,10014387,1,17.0,37.445544554455445,74.40556640875387,18.844945004205243
97,97,DB01224,10019063,2,84.0,5.221170331718226,7.942506105570611,3.432244089015546
61,61,DB01224,10019063,0,29.0,0.2068449197860962,0.3160774934325843,0.1353618075639482
648,648,DB01225,10003671,1,6.0,226.3598615916955,1886.3296357828024,27.163220026783957
649,649,DB01225,10055798,2,77.0,3.313638463092867,5.144906820847659,2.134188284925905
427,427,DB01233,10016288,1,13.0,16.00420168067227,33.65631439184878,7.610294711819851
584,584,DB01234,10000081,1,80.0,4.029016798582196,5.195623180113162,3.1243559820487143
331,331,DB01234,10000081,2,96.0,0.3452077502991809,0.4382499976199677,0.2719187484627428
332,332,DB01234,10001551,2,109.0,0.4604907817499243,0.5822592456051585,0.3641878796725074
585,585,DB01234,10003445,1,25.0,8.321996100927082,13.837726833963284,5.004840746954528
586,586,DB01234,10003549,2,503.0,1.9020359752763591,2.2290486803627654,1.6229976864644893
333,333,DB01234,10003549,1,14.0,0.2380561652397633,0.4044304548416977,0.140124802992009
587,587,DB01234,10003658,2,297.0,2.576629671316124,3.2425400654511325,2.0474752290170866
588,588,DB01234,10005488,1,32.0,19.749415128671693,34.56270137772959,11.284980119520611
334,334,DB01234,10005488,2,8.0,0.1517685974044541,0.3224310299528697,0.0714376254713516
589,589,DB01234,10006126,1,15.0,26.34094942324756,64.64363216604606,10.733394663465807
590,590,DB01234,10007515,1,42.0,3.1405217144075626,4.413769641585338,2.2345698664787745
591,591,DB01234,10009802,1,19.0,12.985794473229706,24.763471452469584,6.809661497768163
592,592,DB01234,10009887,1,49.0,6.064869451697128,8.549551355476225,4.302289083574975
593,593,DB01234,10012735,2,892.0,1.630832964380787,1.8270948532649145,1.455653029156337
335,335,DB01234,10012735,1,31.0,0.2809971908348041,0.401811717922014,0.1965085081773953
594,594,DB01234,10013442,1,14.0,12.28745148771022,25.793280086777006,5.853519349027388
336,336,DB01234,10013968,1,25.0,0.3514155165274686,0.5237289384031094,0.2357953823075101
595,595,DB01234,10016288,1,161.0,6.097299944601897,7.379800344830095,5.037679188771904
337,337,DB01234,10016288,2,130.0,0.2936805365925619,0.3590170071569444,0.2402344620281223
596,596,DB01234,10019211,0,210.0,2.1022706459391487,2.580670847011101,1.7125554287157778
338,338,DB01234,10019211,2,128.0,0.432427636789829,0.5357854998941037,0.349008439191794
597,597,DB01234,10019708,1,14.0,10.75106727037516,22.04399950948609,5.243397297409332
598,598,DB01234,10020100,2,61.0,6.386705461056401,13.348830051873051,3.0556990004202023
599,599,DB01234,10020635,1,31.0,4.292018033591067,6.467809468539807,2.848169676344812
600,600,DB01234,10020942,1,20.0,27.35078172238058,60.10820877740721,12.445309485024644
601,601,DB01234,10021097,1,100.0,2.642494644389123,3.2872757276399533,2.124183830067206
602,602,DB01234,10021143,1,48.0,3.0714474095292967,4.22064702436163,2.2351523676470157
603,603,DB01234,10021328,1,16.0,9.365334122258792,17.96187212965778,4.883092507752749
604,604,DB01234,10023676,1,16.0,10.351594751829094,20.14582470688842,5.318993660728922
605,605,DB01234,10028116,1,24.0,6.2863482076330826,10.29037728431322,3.8403036833113657
339,339,DB01234,10028116,2,13.0,0.1870153115627507,0.3413442501869127,0.1024617427707112
340,340,DB01234,10028334,1,1.0,0.0383852615172867,0.2734272652556596,0.0053887394893585
606,606,DB01234,10028813,0,442.0,1.60301689489777,1.8295811800582984,1.404508962671887
341,341,DB01234,10029331,1,2.0,0.0437189050672809,0.1753169671545639,0.0109022115275176
607,607,DB01234,10035226,2,967.0,1.788623772458677,2.0015600933388176,1.5983407193474477
608,608,DB01234,10035598,1,34.0,3.880696431151568,5.713583108523036,2.63578992458998
342,342,DB01234,10035664,1,36.0,0.3013946855415854,0.4202295762213123,0.2161645957657946
609,609,DB01234,10037394,1,11.0,22.513314374353676,60.90920263702517,8.321391549630611
610,610,DB01234,10037660,1,129.0,2.4083085201793724,2.9162852422007304,1.988814346566358
343,343,DB01234,10037660,2,336.0,0.6032812756863389,0.6950605199995189,0.5236210187768806
611,611,DB01234,10037844,2,528.0,1.5594680488094737,1.803031565875208,1.3488064442605254
344,344,DB01234,10037844,1,5.0,0.0745912710785792,0.1798063612435789,0.0309436089059211
612,612,DB01234,10038687,1,36.0,8.081754311262507,12.31824334924934,5.302278165465074
613,613,DB01234,10039906,1,36.0,3.638269282450954,5.2841454852757925,2.505041431677255
614,614,DB01234,10040070,1,64.0,8.372049389528868,11.514063692690854,6.087443395436898
615,615,DB01234,10041834,2,58.0,6.9396713999263415,15.2059705602159,3.1671137957452307
616,616,DB01234,10042128,1,64.0,7.431246555039747,10.146889994778624,5.442399138081415
345,345,DB01234,10042128,2,46.0,0.3065305654974946,0.4299923759946828,0.2185177989885471
617,617,DB01234,10043071,1,63.0,6.412020569130839,8.70624485600417,4.722358313940953
346,346,DB01234,10043071,2,58.0,0.3805392719636771,0.5194101107407619,0.2787973020011548
618,618,DB01234,10043089,1,28.0,10.786516489223578,17.931467495140932,6.488534081430888
347,347,DB01234,10043607,1,5.0,0.1340572401508443,0.323836358657646,0.055495138690897
619,619,DB01234,10046571,2,281.0,2.2938956376385744,2.876816698064665,1.82909018844238
348,348,DB01234,10046571,1,2.0,0.0636361303809417,0.2554738003745294,0.0158511639311877
620,620,DB01234,10047700,1,84.0,2.186886770518484,2.764284820066808,1.73009442165702
349,349,DB01234,10047700,2,205.0,0.478979198976299,0.5693382676164687,0.4029609216546203
621,621,DB01234,10048959,2,271.0,1.9291028232279528,2.3963123903080663,1.5529852107920017
350,350,DB01234,10048959,1,3.0,0.0944813840453007,0.2943796600328854,0.0303238747205509
351,351,DB01234,10048962,2,1.0,0.0298246509609739,0.2192261481271143,0.0040574986722302
352,352,DB01234,10051055,1,5.0,0.1021032681229383,0.246366575477511,0.042315307347105
622,622,DB01234,10070027,1,20.0,41.02876392847888,102.2267555563208,16.466916712146062
623,623,DB01234,10071066,1,22.0,33.8648561057817,76.11545054107816,15.0669603991423
624,624,DB01234,10077361,1,24.0,5.573981352323618,9.038195361297417,3.437552174308333
662,662,DB01238,10001488,1,23.0,13.456839492553778,26.31449171067311,6.881627474297999
663,663,DB01238,10013983,1,13.0,20.937878787878788,58.96461841418735,7.434878405495168
386,386,DB01255,10001488,1,30.0,9.36774193548387,21.42079461746601,4.096700917820762
8,8,DB01275,10021015,1,7.0,40.73780487804878,103.56803678080271,16.023947135295998
556,556,DB01306,10012671,0,81.0,4.065205148833467,6.645603509555874,2.486740726909023
312,312,DB01306,10012671,2,11.0,0.1260094832532995,0.2360476499876995,0.067267731199997
109,109,DB01307,10012671,2,3.0,0.0676563045756199,0.2186367992279868,0.0209359795102741
381,381,DB01373,10003658,2,98.0,3.77083185840708,6.237452034549006,2.2796444486656307
225,225,DB01373,10003658,0,18.0,0.2764339600047898,0.4572605525836978,0.1671163930764451
382,382,DB01373,10022004,0,42.0,5.795855614973262,11.262760449801863,2.982567414031081
405,405,DB01409,10003553,1,11.0,17.612241653418124,34.36265340037684,9.026982068125
239,239,DB01409,10003553,2,23.0,0.2710820854497878,0.4381517631795077,0.1677169949483908
419,419,DB05676,10019211,0,404.0,1.9220953035312975,2.3755694142316863,1.5551851836970805
243,243,DB05676,10019211,2,112.0,0.5115912316669295,0.6339354867582427,0.4128583961388132
122,122,DB06228,10016288,1,12.0,61.18933333333333,126.6730230448937,29.557473436556663
123,123,DB06228,10017955,2,533.0,2.428122446127532,2.921607617984852,2.017991251492868
79,79,DB06228,10017955,0,146.0,0.4303939962476548,0.5178754547741022,0.3576902328511161
124,124,DB06228,10019211,0,202.0,1.872796743697479,2.2969853967392098,1.526943814350289
80,80,DB06228,10019211,2,167.0,0.5113267044383434,0.6276334061644403,0.4165727893127403
125,125,DB06228,10027313,0,38.0,inf,inf,inf
126,126,DB06228,10037377,0,139.0,2.448032642170987,3.1901041973034774,1.8785793336155896
81,81,DB06228,10037377,2,91.0,0.4189240461020831,0.5461746243803748,0.3213209632388888
127,127,DB06228,10047700,0,146.0,2.05536231884058,2.628126167127768,1.6074244511353202
82,82,DB06228,10047700,2,113.0,0.4924215999178357,0.6299365647237456,0.3849261110473537
9,9,DB06287,10016288,1,20.0,inf,inf,inf
10,10,DB06287,10042128,1,37.0,9.308298319327733,21.16503461815421,4.09375269943006
325,325,DB06403,10033433,0,310.0,1.9308050708554785,2.410205086541358,1.5467597518810805
197,197,DB06403,10033433,2,96.0,0.5313682609109062,0.6683335067526394,0.4224720530254423
198,198,DB06403,10047700,2,115.0,0.5410807732374555,0.6676704391905364,0.4384923848391227
326,326,DB06403,10061494,1,10.0,37.90573825056584,99.7754648031584,14.400784753597318
570,570,DB06605,10016803,0,82.0,2.6440255524138654,3.674782049656138,1.9023906798694643
319,319,DB06605,10016803,2,63.0,0.3830724070450098,0.5324088628195986,0.2756236405647149
571,571,DB06605,10016825,0,76.0,3.2167797035920622,4.62042490651485,2.2395497970005978
320,320,DB06605,10016825,2,48.0,0.3148631461318473,0.4522525613770264,0.2192111427521504
572,572,DB06605,10017788,2,181.0,5.370419569626951,8.83427010098552,3.264718649548045
321,321,DB06605,10017788,0,17.0,0.1885931657329175,0.3102340060772534,0.1146469486401399
573,573,DB06605,10017955,2,347.0,3.029799140943269,4.004839197891577,2.292147669572697
322,322,DB06605,10017955,0,57.0,0.3275554042442812,0.4338446121986956,0.2473063853573819
574,574,DB06605,10018884,2,253.0,3.1943152971041746,4.462376903599552,2.2865953364636256
323,323,DB06605,10018884,0,40.0,0.3170812436269831,0.4429559149182968,0.2269763461191819
575,575,DB06605,10027599,0,43.0,7.93087699229121,15.385426646933114,4.088207061803655
324,324,DB06605,10027599,2,11.0,0.1277048368720422,0.2477393087298786,0.0658293810704737
576,576,DB06605,10028813,0,284.0,1.7493077614068882,2.053135875753984,1.490440881315081
325,325,DB06605,10028813,2,330.0,0.5714519026620938,0.670648186025555,0.4869278466126854
577,577,DB06605,10042361,2,89.0,5.592082244821795,11.53240538353911,2.7116098327142284
326,326,DB06605,10042361,0,8.0,0.1811129947543107,0.3735051940735781,0.0878218493058311
578,578,DB06605,10055798,2,248.0,3.053813977534426,4.2530677018859775,2.1927184007085563
327,327,DB06605,10055798,0,41.0,0.3316695994015404,0.4619201234507853,0.2381466352783796
579,579,DB06605,10074414,0,37.0,12.506960738307525,29.642406107705824,5.277036767568671
328,328,DB06605,10074414,2,6.0,0.0809793482315439,0.1919266859350842,0.0341674989491751
196,196,DB06724,10009900,1,8.0,70.72364672364672,267.44450224815137,18.70232576794634
204,204,DB08865,10016288,1,23.0,76.80462724935732,570.562357951305,10.338836210811104
205,205,DB08865,10021015,1,22.0,inf,inf,inf
206,206,DB08865,10042128,1,38.0,131.98395721925132,964.5202160317332,18.060549352632787
298,298,DB08877,10013968,1,5.0,0.1094144560842063,0.2710750819273758,0.0441631267436452
532,532,DB08877,10016288,1,308.0,17.783037475345168,25.57492874371617,12.365094934124912
299,299,DB08877,10016288,0,21.0,0.249713634341637,0.3902134618453171,0.159802019338911
300,300,DB08877,10016288,2,12.0,0.0449968699797114,0.0802473628656814,0.025230963805752
533,533,DB08877,10029354,1,48.0,5.376120811703633,9.623727343082518,3.00327242778839
534,534,DB08877,10029366,1,53.0,14.913040050457267,34.7504674577712,6.399878327300248
301,301,DB08877,10029366,2,3.0,0.0718700335511213,0.2298828988693362,0.0224692734781251
535,535,DB08877,10037660,1,143.0,5.191462862318841,7.231918968418674,3.72671302990676
302,302,DB08877,10037660,2,28.0,0.2252008806567124,0.3374617491514748,0.1502849931172331
303,303,DB08877,10047899,1,1.0,0.0312788550323176,0.2264269283150791,0.004320894071271
304,304,DB08877,10050584,1,1.0,0.0312788550323176,0.2264269283150791,0.004320894071271
241,241,DB08895,10009900,1,8.0,33.80275229357798,79.81550695540838,14.315840445132514
242,242,DB08895,10056812,2,41.0,6.73326359832636,14.372431614946356,3.1544306418824486
520,520,DB08907,10012671,0,232.0,2.6540357874909977,3.7026072328049664,1.902417814904645
295,295,DB08907,10012671,2,43.0,0.3831355088673167,0.5361591111837926,0.2737859249111928
664,664,DB08908,10055798,1,4.0,inf,inf,inf
324,324,DB08910,10003549,2,215.0,2.4638331277335426,3.4251002430836808,1.77234920162567
196,196,DB08910,10003549,0,43.0,0.41157822191592,0.5721613418928708,0.2960644495747624
114,114,DB08931,10003549,2,247.0,1.960765987186025,2.4189395442922605,1.5893755036488315
71,71,DB08931,10003549,0,137.0,0.5178168126954794,0.6388149848029823,0.4197369471425295
115,115,DB08931,10008479,0,242.0,1.9610323027286856,2.4480872787340973,1.570878508193528
72,72,DB08931,10008479,2,114.0,0.4980879086881097,0.6227327066161269,0.3983917371698715
116,116,DB08931,10016825,0,137.0,2.492127171961444,3.4320724029752707,1.80960571689702
73,73,DB08931,10016825,2,50.0,0.3859634664236266,0.5336460266293211,0.2791509539660028
117,117,DB08931,10019211,0,609.0,1.4649807061947635,1.6659272344698908,1.2882726358728591
74,74,DB08931,10019211,2,394.0,0.6873270305618481,0.7816929663735788,0.6043529458025009
118,118,DB08931,10027599,0,66.0,4.450665707088881,7.926451818317528,2.4990280254376804
75,75,DB08931,10027599,2,13.0,0.2086111086029822,0.3780017213091415,0.1151280329672742
119,119,DB08931,10033433,0,214.0,1.9491311193256275,2.4663477533739977,1.5403797437430853
76,76,DB08931,10033433,2,102.0,0.5060071228924353,0.6410378922581094,0.3994197714521159
15,15,DB08932,10003246,2,69.0,4.875189179917669,8.400404047566196,2.8293245664620543
4,4,DB08932,10003246,0,16.0,0.21161174059541,0.3646265328384105,0.122809298624639
16,16,DB08932,10003549,2,430.0,1.895469003836125,2.2139339584671607,1.6228138742634513
5,5,DB08932,10003549,0,258.0,0.5444716546657407,0.6359493326109572,0.4661525180274115
17,17,DB08932,10007559,2,188.0,2.1291520337402163,2.7153420618806283,1.6695091371436177
6,6,DB08932,10007559,0,100.0,0.484594049790497,0.6180100046482012,0.3799799215645889
18,18,DB08932,10008479,0,432.0,1.825218642903787,2.1499302304289145,1.5495493980467063
7,7,DB08932,10008479,2,210.0,0.5344206976203567,0.6304723114506765,0.4530024187547091
19,19,DB08932,10016825,0,299.0,2.08331253452602,2.558687379527327,1.696256897673449
8,8,DB08932,10016825,2,125.0,0.4580510439485775,0.5643876323276935,0.3717493914547047
9,9,DB08932,10019211,2,713.0,0.7472036989846093,0.8228219959981133,0.6785348112856753
20,20,DB08932,10020100,2,55.0,7.769870321071314,16.315279578334163,3.700266643694796
10,10,DB08932,10020100,0,8.0,0.1327735685662448,0.2787996574517055,0.0632311412106704
21,21,DB08932,10027599,0,112.0,3.209870932557717,4.756328994957519,2.166223449766003
11,11,DB08932,10027599,2,30.0,0.2959876824672391,0.4426877801862954,0.1979017991765189
22,22,DB08932,10028813,0,870.0,1.508813984924823,1.6828898604825189,1.3527442850312257
12,12,DB08932,10028813,2,518.0,0.6529863107732443,0.7287698793202142,0.5850833495684308
23,23,DB08932,10033433,0,442.0,1.817680707057432,2.1366269288912223,1.5463453671452874
13,13,DB08932,10033433,2,216.0,0.537410580163209,0.6326457397746502,0.4565116201908381
24,24,DB08932,10046571,2,165.0,2.223808269762812,2.8935582195205978,1.7090802553420916
14,14,DB08932,10046571,0,84.0,0.463956310278905,0.6036866346939135,0.356568201906203
15,15,DB08932,10047700,2,289.0,0.6492006735190391,0.7511787177573686,0.5610668999726727
25,25,DB08932,10048959,2,367.0,1.5826356271279107,1.8559010219899497,1.3496062012880985
16,16,DB08932,10048959,0,256.0,0.6224996858208148,0.7304478094808795,0.5305045121874059
26,26,DB08932,10074414,0,132.0,3.562837483547176,5.196027783665107,2.442983652642244
17,17,DB08932,10074414,2,32.0,0.2684269564929734,0.3948865518484534,0.182465142544871
646,646,DB09033,10009900,1,35.0,8.992972911708035,14.204988150417543,5.693321313213295
421,421,DB09035,10052015,1,8.0,31.486631016042782,76.87009895647087,12.89718559230463
129,129,DB09038,10012671,0,163.0,2.6194187836797536,3.642395401063237,1.883747921022371
84,84,DB09038,10012671,2,46.0,0.3701659999080333,0.5172230324939022,0.2649202740010027
131,131,DB09061,10039906,1,22.0,9.517391304347829,20.55735207207189,4.406245362851653
237,237,DB09153,10003658,2,61.0,4.117527403414196,6.565833720769263,2.5821598046623224
151,151,DB09153,10019211,2,71.0,0.4346109703907194,0.5657086116869926,0.3338939724122037
238,238,DB09153,10019860,0,97.0,3.426148109316426,5.288187715551225,2.2197568426802587
152,152,DB09153,10019860,2,17.0,0.2661995378048083,0.4446951307495252,0.1593500558642427
239,239,DB09153,10070608,1,66.0,12.028455284552846,17.43813617197158,8.296972515046551
153,153,DB09153,10070608,2,4.0,0.059104538293439,0.160325096112156,0.0217891430075103
121,121,DB11065,10070608,1,88.0,5.827896512935883,8.239776929744776,4.122002094848248
78,78,DB11065,10070608,2,4.0,0.0474326385358413,0.1285044109929224,0.0175079997728303
265,265,DB11362,10027599,2,32.0,0.330257288458617,0.4913761082729269,0.2219682128286487
456,456,DB11362,10028813,0,633.0,1.4810636556531778,1.6781831895559518,1.3070977982309364
266,266,DB11362,10028813,2,410.0,0.6638244521156376,0.7528191781569501,0.5853502620715059
457,457,DB11362,10047700,0,327.0,1.8075535892612464,2.1713534334892284,1.5047066625173722
267,267,DB11362,10047700,2,164.0,0.5048420615476846,0.6089641861244486,0.418522981999522
120,120,DB11611,10047513,2,88.0,3.701402046229632,5.733381768771791,2.3895804710677435
77,77,DB11611,10047513,0,29.0,0.28005328005328,0.4337711004046718,0.1808092784314872
99,99,DB12159,10014184,1,60.0,3.25990675990676,4.5111670878194,2.3557079302116133
541,541,DB13867,10070608,1,14.0,72.10404624277457,220.2034204722657,23.60995788998193
538,538,DB13961,10007559,2,33.0,inf,inf,inf
544,544,DB14500,10016288,1,8.0,64.36465638148668,149.4401659898505,27.722192113920823
357,357,DB14512,10070608,1,24.0,29.38571428571429,61.96444680187516,13.935736517468609
445,445,DB14761,10001551,0,502.0,1.6914883352630388,1.95080134419392,1.4666448722963945
257,257,DB14761,10001551,2,340.0,0.5769364345635533,0.6662348038519352,0.4996071168940003
